ID,Predicted_Default
16691,1
15039,0
7736,0
20871,1
1651,0
21031,0
2890,0
8417,0
21891,0
29776,1
2414,0
16525,1
26280,1
647,1
2717,0
22536,1
13935,0
22863,1
3722,0
11983,0
21890,0
23741,0
20213,0
14853,0
3534,0
22294,0
26386,0
10056,0
25413,0
21164,0
8944,0
7471,0
2730,0
600,1
24616,0
4360,0
11017,0
24598,0
26060,0
18978,0
21944,0
27158,1
18069,0
4213,1
29889,0
9340,1
14387,0
25622,0
4229,0
28599,1
12638,0
13685,0
26614,1
2366,1
23044,0
12688,0
23450,1
18744,0
20927,0
9774,0
7044,0
774,0
7666,0
13225,0
238,0
26769,0
24204,0
3720,1
16879,0
22139,0
17627,0
4521,0
462,0
22520,0
9566,0
12555,0
19418,0
25844,0
1684,0
21608,0
7096,0
27091,1
243,0
9975,0
14383,0
14082,1
18635,1
10263,0
19217,0
3664,1
20205,0
8675,0
23861,0
284,0
2652,1
21920,0
5176,0
2910,0
18564,0
22403,1
13197,1
15788,0
26358,0
10658,0
3771,0
12230,0
21468,0
4496,0
11275,0
17917,0
11689,0
4779,0
23205,0
15857,1
17409,0
6289,0
4673,0
15465,0
28212,0
14476,0
16997,0
1692,1
8523,0
10498,1
24701,0
29137,0
25704,0
22604,1
17608,0
24553,1
23335,0
23111,0
6536,0
29995,1
11663,0
5993,1
14478,0
18548,0
13895,0
15298,0
23404,0
20269,1
21412,0
20977,0
14220,0
18734,0
9956,1
21825,0
19867,0
26003,0
24347,0
13153,0
15312,1
11730,0
19590,0
21373,0
21479,0
17205,0
19203,0
17277,1
26260,1
7751,0
9191,1
10613,0
7074,1
7573,1
17506,0
17773,1
27989,0
20298,1
5592,1
8823,0
27307,0
15918,0
10321,0
2972,0
2259,0
10215,0
25291,0
7914,0
4026,0
15462,1
10865,0
6597,0
29564,1
5637,0
10622,0
19215,1
17141,1
10411,1
12899,1
1931,0
3201,1
16500,0
10750,0
12758,0
26983,0
2476,0
20236,1
19854,1
8313,0
20048,1
16692,0
10489,0
5956,0
27311,1
17001,0
11688,0
10855,0
7444,1
28405,0
15436,0
14127,0
5957,0
4733,0
16930,0
18771,1
20453,0
22550,0
16917,0
5927,0
110,1
23401,0
10365,1
27396,0
17045,1
24759,1
10718,0
12607,0
11411,0
25221,1
7231,0
24849,0
25344,0
16990,0
527,1
13278,0
6293,0
19816,0
17538,0
18743,0
24657,1
21252,0
12699,0
9734,0
27908,0
23940,1
17341,1
4046,0
12233,0
2183,0
25406,1
24272,1
28342,1
3980,0
10548,1
4509,0
1286,0
22497,0
29012,1
28898,0
11856,1
17106,0
16372,0
5316,0
14734,1
26795,0
22172,0
731,0
4072,0
29377,0
20147,1
15466,0
7492,0
12462,1
20026,1
17089,0
11044,1
1047,0
25980,0
2659,1
10807,0
6371,1
17937,0
16760,0
7315,0
1737,1
1855,0
7235,0
122,1
16946,1
23144,0
19396,0
3974,0
11317,0
11382,0
26746,0
26024,0
19428,0
15360,1
16514,0
10470,0
10976,0
19832,1
12609,1
16830,0
29852,0
9816,1
13616,0
21118,0
23963,0
272,1
3214,0
4345,0
28758,0
5525,0
5752,1
20885,0
20538,0
15681,0
17458,0
6504,1
4537,0
10592,0
3489,0
23979,1
17847,1
24425,1
11222,1
1795,0
3288,1
27576,0
11758,1
7049,1
15508,0
11369,0
26877,0
13394,0
5795,0
7817,1
29910,0
4129,0
7662,0
15499,0
26967,0
20865,0
19376,0
16182,0
29891,0
19883,0
13444,0
26871,1
11070,0
16806,0
20994,1
11456,0
11744,1
29824,1
2503,0
16935,0
808,1
4192,0
27016,0
18688,1
28244,0
5498,0
4127,0
4051,0
14641,0
16558,0
13037,0
15226,1
15133,0
11273,1
8368,0
7798,1
27425,0
5701,0
14411,1
7953,0
19606,0
29724,1
22783,0
26671,0
22611,1
26336,0
4167,0
19884,0
21730,1
24775,0
23420,0
29147,0
23342,1
22958,0
4182,0
13851,0
23202,0
6637,1
13625,0
3460,0
14069,0
5466,0
5453,0
3879,1
7041,0
1942,1
17073,0
25574,0
9743,0
16894,0
24828,1
7342,0
22465,1
28755,0
23445,0
7819,0
5245,0
4200,1
16200,0
19268,0
6195,0
13041,1
10605,0
25710,0
16246,0
9854,0
2123,1
12788,0
5172,1
19678,0
26484,1
5383,0
4251,0
8327,0
4522,0
14958,0
28079,1
14913,1
22248,0
28675,0
9321,0
4053,0
128,0
22769,0
21955,0
8477,0
25539,0
14900,0
4348,1
4342,0
348,0
15153,1
2952,0
7577,0
10609,0
767,0
18754,0
28733,0
4508,1
7271,1
4186,0
27109,0
22307,1
26316,0
22129,0
8485,0
3872,1
3461,0
11783,0
17606,0
27426,0
19123,0
1474,0
11223,1
5994,1
12674,1
11559,1
6728,0
29166,0
4124,0
11266,0
6388,0
1712,0
3565,0
14683,1
21336,0
16231,0
9436,1
10724,0
23300,0
21872,0
21276,1
22475,1
29503,0
12962,0
26001,0
12368,1
20825,0
24461,0
18858,1
11108,0
14134,0
2167,0
23935,1
17013,0
9299,0
14868,1
29537,0
25866,0
3379,1
3264,0
26412,0
20784,0
21346,0
19461,1
2201,1
15706,0
6035,0
29654,0
15617,0
9142,0
14914,0
4642,0
5449,0
21857,0
12210,0
18952,1
9122,0
22348,0
2295,1
5167,0
23546,0
24945,0
19037,0
15847,0
94,1
18748,1
1565,0
7439,1
9535,0
23780,0
18885,0
10159,0
10614,0
8688,0
14969,0
11195,0
4725,1
20737,1
25869,1
27721,1
7821,0
10813,0
6426,0
2452,0
8631,1
9867,1
14523,0
19378,0
8400,0
7649,0
14209,0
28472,0
21338,0
16523,1
17373,0
2059,1
15231,0
28184,0
19342,0
24874,1
2281,0
4463,0
11504,1
24036,1
1266,0
15463,0
16791,0
9021,0
28464,0
7350,1
21846,0
28611,0
19965,0
13473,0
1326,1
12666,1
12468,1
1059,0
4172,0
921,1
19257,0
15165,0
29706,1
20352,0
27966,0
12570,0
19569,0
16468,0
24574,1
15968,0
23610,0
23308,0
27873,1
1989,1
4042,1
27302,0
29875,0
15033,1
21026,0
228,0
11339,1
13300,0
6077,1
4765,1
20898,0
27934,0
11449,0
11084,1
16635,1
9110,0
15930,1
13635,0
27945,0
26102,1
28548,0
29704,0
23080,0
7978,0
21804,0
19890,0
8860,0
29849,1
24621,1
16277,0
16272,0
6284,0
4307,0
22160,0
3302,0
25194,1
17654,1
10387,0
14964,0
14590,0
2186,0
26452,0
8226,1
16784,0
5479,0
21208,0
29472,0
5411,1
11031,1
13883,0
24840,0
16878,0
3655,0
4502,0
6614,0
9024,1
22213,0
4195,0
678,0
19485,1
23147,0
15863,0
25912,0
20300,0
19633,0
5832,1
26537,0
21042,0
14864,0
14340,0
10968,1
6064,0
1492,0
11415,1
23423,1
13185,1
28584,0
7012,0
17653,0
1166,1
23682,0
8744,0
13859,0
16540,0
1852,0
5552,1
21642,1
4038,0
975,0
1248,0
8458,0
7053,0
9876,0
7076,0
9749,1
17637,0
11469,0
28891,1
17171,0
4658,0
18021,1
20575,0
13000,1
10405,0
25467,0
22099,0
23422,0
457,1
25647,0
24729,0
4250,0
26460,1
1588,0
22826,1
26693,0
7516,0
12126,1
9979,0
9702,0
9820,0
8437,0
17662,1
2029,0
22700,1
12579,0
7072,1
13668,0
11701,0
1263,0
6186,0
4110,0
21127,0
10787,1
23405,0
27026,0
21326,0
16273,0
15987,0
15693,0
10459,1
12884,0
1865,0
20072,0
12940,0
25995,0
16298,1
5641,0
3247,1
10183,0
1437,0
4155,0
12044,1
11543,1
11356,0
3817,0
13570,1
26569,0
23225,0
4324,1
23813,0
2988,0
19017,0
9955,1
21282,0
11118,0
7164,0
24386,0
28805,1
176,1
6168,1
11590,1
17751,0
18836,0
21686,0
5221,0
11743,0
20995,0
2680,0
25367,0
11694,1
18715,0
5942,0
19153,0
2939,1
12744,0
1252,0
1901,0
15961,0
26519,1
6864,1
8886,0
11653,0
16327,0
28615,0
4308,0
478,0
6861,0
13568,0
5926,0
25729,0
27978,0
19953,1
20251,0
12095,0
23914,1
17807,1
27707,0
23287,1
27078,1
22923,0
12065,1
27208,0
29294,0
28899,0
4366,0
2875,0
891,1
4739,1
2193,0
4263,1
14762,0
5110,0
23912,0
779,1
7843,1
20728,1
7434,0
14960,0
163,0
987,0
14005,0
24786,0
14984,0
26643,0
24882,0
20554,0
27305,0
24594,0
24737,0
14185,0
18134,0
29977,1
2426,1
17441,0
4595,1
14087,0
16533,0
11678,0
22292,0
28392,1
17318,0
3995,0
21972,1
25191,1
2984,0
19000,1
6997,1
11707,0
3131,0
2134,0
23235,0
10555,0
16596,0
26451,0
2584,1
26223,0
19947,0
17178,0
7593,0
13050,1
1693,0
22364,0
28463,1
29142,0
8304,0
19588,1
16417,1
23678,0
19481,0
6710,0
6925,0
5470,1
15546,1
19996,0
29101,1
11870,0
17779,1
13043,0
25379,0
18520,0
21787,0
16290,1
23495,0
16017,1
11487,0
2440,0
20258,0
18598,0
13152,1
24644,0
1924,0
20014,0
603,0
12702,0
24640,0
14406,0
21980,0
9438,1
12916,0
22173,0
27410,0
2983,0
9573,1
888,0
4201,1
21180,0
18833,0
28374,0
26724,0
13187,0
11360,1
19275,0
2407,0
18173,0
9995,0
14405,0
24813,0
304,1
20887,0
8216,1
12560,0
22666,0
26940,0
19765,0
26634,0
29617,0
25919,0
9595,0
7019,0
173,0
12228,0
27515,0
9448,0
17556,0
8365,0
5747,1
13857,0
11892,1
13184,0
27795,0
6345,1
20064,0
8681,0
28061,0
13736,0
16465,0
5590,0
23775,1
17199,0
10022,0
25468,1
25115,0
19999,0
13090,0
14196,0
22268,0
1414,0
14194,0
1937,0
1677,0
22891,0
3558,0
5416,0
9453,0
13656,1
10915,0
19170,0
23343,1
15830,0
10957,0
19127,1
18466,0
22486,1
8873,0
21243,1
27841,0
7397,1
23113,1
12289,1
2398,0
18248,0
27926,1
24270,0
25294,0
26084,1
1549,0
607,0
4806,0
26578,0
18850,0
3035,0
18481,0
19277,0
962,0
1766,0
8202,0
17339,0
18801,0
7612,0
20652,1
8289,0
27334,1
12159,0
7154,0
3013,0
20930,0
5920,0
15118,1
8670,0
28658,0
19341,0
5919,1
6814,0
28451,0
8645,1
7536,1
24859,0
5333,0
13001,1
6097,0
19730,0
4965,0
398,0
17480,0
9517,0
15124,0
12284,0
4139,0
5695,0
3362,0
13387,0
26485,1
23990,0
1121,1
804,0
3198,0
9982,0
14775,0
25880,0
23692,1
19434,1
5326,0
24116,0
17512,0
23556,0
12999,0
1050,0
20506,0
3653,0
16993,0
22537,1
25558,1
10368,0
18200,0
8059,0
23504,0
6317,0
17326,0
5851,0
29893,0
12191,0
10612,0
8092,1
12593,1
19852,0
24684,0
12416,0
12268,0
29501,1
15777,0
56,1
6680,1
4662,0
28315,1
25513,0
4714,1
26028,0
1662,1
5264,0
1433,1
13226,0
8038,0
10965,0
23117,0
3416,0
2178,0
27743,1
19847,0
9041,1
7146,1
1634,0
21176,1
12642,0
6723,0
24200,1
22795,0
24610,0
25290,0
14146,0
21425,0
21455,0
2736,0
6151,1
17371,0
10693,0
2390,1
26917,1
1394,0
25631,0
17498,0
19565,1
8710,0
10687,1
15202,1
2189,0
7065,0
18092,0
422,0
15145,0
24725,0
23816,0
28598,1
1085,0
4105,1
23238,0
27137,1
8120,0
4934,0
22177,1
216,0
5047,0
1406,0
24508,0
18100,1
14467,0
14943,0
448,0
1786,0
15345,0
21159,0
14565,0
4377,1
15870,0
16063,0
4290,0
14609,0
1064,0
29976,0
7668,0
21333,0
25548,0
8658,0
15307,1
25993,0
469,0
28033,1
11898,0
22197,0
19194,0
6290,1
9860,0
14693,1
3136,0
16934,1
6749,0
2221,1
5190,0
5861,0
4190,1
24104,0
27781,0
15924,0
1345,0
26357,0
18195,0
13066,0
21567,0
25003,0
14552,1
27679,0
21929,0
16518,1
19353,0
19339,0
11534,0
21802,0
2948,1
12345,1
14331,1
17644,0
9398,0
2446,0
1745,0
15862,1
17261,0
28216,0
1997,0
2586,0
26710,0
11757,0
24602,1
14260,0
11978,1
19850,0
13357,0
8014,0
8959,0
20924,0
12323,0
4829,0
10313,0
5644,0
13574,0
27462,0
27269,0
1285,0
27728,0
9377,1
7385,1
25702,0
21557,1
11935,1
19628,0
15887,0
26925,0
24287,1
5687,0
27085,1
6743,0
17419,1
6526,0
397,0
12892,0
23276,0
13138,0
24787,0
13965,0
25535,1
17812,0
5617,0
15827,1
1941,0
6121,1
26209,0
10683,0
10410,0
29988,0
8792,0
24161,0
5903,0
23363,0
24147,0
19806,0
5213,0
24721,0
10866,0
29666,1
1014,0
18350,0
4093,1
27956,1
20746,0
2248,1
2567,0
16157,0
18301,0
3660,0
26121,0
1794,0
20594,0
2456,0
5262,0
20479,1
29656,0
740,1
19009,0
25155,1
14736,0
10335,0
7589,0
24293,0
2461,0
24381,0
26276,0
23959,1
15836,1
25959,0
8961,0
4269,0
9172,1
16972,0
437,0
20027,0
6919,0
26322,0
18116,1
16483,1
22924,0
12430,0
10280,0
3231,0
10561,0
3685,0
8593,1
20636,0
2832,1
22917,0
6696,1
16803,1
23685,0
7017,0
21116,1
16564,0
24438,0
26815,0
15967,0
887,0
22590,0
8245,0
28038,0
20415,0
1895,1
22286,1
2368,0
26771,0
4181,0
8713,0
17850,0
9238,0
6096,0
28232,1
15522,0
25276,0
7399,0
19844,1
21256,0
1168,0
18794,1
29928,0
11847,0
19637,0
6677,0
11491,0
26498,0
25025,1
28160,0
599,1
5731,0
14607,0
7117,0
12547,0
22902,1
20176,0
21677,0
14522,1
19797,0
5477,1
11643,1
19791,0
13990,0
4878,0
7576,0
26872,0
6841,1
13352,0
9789,1
22582,0
13268,0
17563,0
14089,0
22254,0
7816,0
18791,0
13323,1
21927,0
12079,1
8393,0
19907,1
6431,0
12253,1
20569,1
24687,0
5257,1
12689,1
15472,0
28105,1
14695,0
12955,0
3518,1
22453,1
5491,0
4972,0
8013,0
18405,0
22406,0
20504,0
23447,0
28883,0
2016,1
24561,1
19176,1
14434,0
22342,0
13820,0
28512,0
23944,1
12193,1
16726,0
12939,0
5682,1
18011,1
1727,1
17033,0
26314,1
21508,1
16796,0
1704,0
16632,1
4404,0
14363,0
14421,0
23346,0
3994,0
24348,0
5899,0
29248,1
25865,0
7869,1
17063,0
9171,1
17319,1
28920,0
25642,0
8001,0
8457,0
11351,0
27942,0
29728,0
21781,0
1951,0
13379,0
17369,0
1362,0
15848,0
12417,1
8445,0
28134,0
15448,1
28625,1
12604,1
10795,1
22750,0
27230,1
12993,1
13272,0
10375,0
10624,0
2458,1
12182,0
23108,0
12912,1
9875,0
3801,0
25643,1
18464,0
17985,0
2593,0
11389,1
19093,0
27310,0
24689,0
17780,0
12617,0
1955,0
27219,0
24834,0
20293,1
19296,0
1193,0
562,1
12014,0
12592,0
22238,0
25055,1
26708,0
10210,1
14684,0
7145,1
24364,1
16571,0
3032,1
6081,0
4626,0
7240,1
27040,0
3382,0
9167,1
28444,0
17126,1
19488,1
27859,1
14385,0
12098,0
2707,1
9658,0
12177,1
26446,1
29039,1
20945,0
7832,0
14685,0
2283,0
29746,1
20742,1
14580,0
17509,0
2066,0
6390,0
10678,1
3577,0
3961,0
25258,1
5082,1
14333,0
19528,0
13023,0
10646,0
11282,0
4091,0
4735,0
27665,1
14662,0
3019,1
19775,0
29982,1
7151,0
16383,1
26935,1
7564,0
23505,0
14677,0
13372,0
2898,0
25518,0
5724,1
22745,0
8300,0
2383,0
24123,0
13587,0
1772,0
4780,0
8906,1
15734,0
26288,0
20309,0
16366,0
14455,0
28523,0
12283,0
28382,0
15055,0
15191,1
9093,0
11147,0
20901,0
2337,0
24899,0
19767,0
12712,0
19174,1
4221,0
21521,0
27868,0
137,0
1087,0
25408,0
8152,0
27657,0
6368,1
16614,0
23158,0
23995,0
6076,0
11899,0
20852,0
27977,0
29675,0
4699,0
4474,0
20260,0
9824,1
5856,0
25990,0
2126,0
1839,0
29697,0
17021,1
10953,0
13739,1
28913,0
8239,1
15164,0
3735,0
22407,0
8840,0
16766,0
1666,0
2194,0
6125,0
17092,1
22594,0
8524,1
14816,0
25890,0
11533,0
23176,0
29864,0
24512,1
7855,0
19197,0
5393,1
13717,1
22890,1
17992,0
3462,1
22729,0
7224,1
14090,0
3263,0
25602,1
27136,0
18151,0
29108,1
2009,1
9078,0
17707,0
24058,0
1879,1
21831,1
20114,1
25626,0
8430,0
29134,1
19585,0
4085,1
20146,0
9834,0
24814,0
8439,0
18317,1
12117,0
24855,0
8210,0
18579,0
4161,1
26448,0
1669,0
25601,0
28470,0
16387,1
9678,0
13849,1
16346,0
17037,0
8648,0
12566,0
4023,0
10456,0
19655,1
4029,0
7202,0
26161,1
1303,1
19175,0
12987,1
20659,1
11148,0
4202,0
7196,0
3396,0
28979,1
19243,0
27512,1
7721,0
24455,0
12704,1
29578,0
9636,0
733,0
21481,1
13952,1
2658,0
22673,0
8254,0
19943,0
13232,1
20639,0
6499,0
24975,0
26374,0
305,0
17844,0
8568,0
5475,1
8329,0
23035,0
28510,0
17010,0
18170,1
29282,1
25777,0
22276,0
3009,0
25706,0
6620,0
26380,1
28018,0
21579,0
25437,0
10391,1
20612,0
4108,0
4187,0
23099,0
20593,0
2436,0
23794,1
17263,0
26272,0
15898,0
8901,0
23416,1
21041,1
5705,0
20979,0
2455,0
26248,0
20335,0
23003,0
24212,0
2158,0
13145,1
29751,0
20651,0
22738,1
16120,0
24532,0
14806,1
12234,0
22136,0
12782,0
11483,0
4751,0
24194,1
9944,0
7718,0
26185,0
22615,0
15853,1
8895,0
14973,0
17788,1
21083,0
25608,0
25124,0
18261,0
22321,0
10645,0
13217,1
12100,0
29993,1
20085,0
2647,1
23907,0
12741,0
6828,1
3691,0
24896,1
12748,0
1471,0
23030,0
223,0
10435,0
6932,0
27719,1
6101,0
21596,0
9967,0
19859,0
15328,0
16753,0
17614,0
8739,0
7616,0
2242,1
10039,1
10963,0
6017,0
6028,0
26295,0
10984,0
9752,0
3421,0
23210,0
15594,1
13162,0
7400,1
17158,0
23981,0
7693,1
14184,0
17600,0
5910,0
2108,1
27626,0
29275,0
12436,0
25784,0
6793,1
455,0
9284,1
27555,1
10698,0
19013,0
17482,0
27287,0
5721,1
6718,0
10972,0
10135,0
19113,0
20265,1
23778,1
15318,0
6126,0
15998,0
28320,1
4372,0
5332,1
14375,0
21181,0
29657,0
16563,0
18108,0
5600,0
19209,0
10598,1
9282,0
19962,0
5273,0
14854,0
2095,1
21933,0
5625,0
28301,0
25883,0
10342,0
28012,0
9388,0
14963,0
16769,1
18566,0
27036,0
3265,1
22928,0
10790,0
17408,0
496,0
25460,1
23532,0
4701,1
26140,0
6065,0
28164,1
9537,0
28814,0
3937,0
23673,0
21586,0
23340,1
28045,0
22711,0
2705,0
19779,0
5440,1
33,0
15120,1
26615,1
14517,0
25277,0
27929,0
20859,1
18426,1
1012,1
27090,0
19862,1
13031,0
26437,0
25454,1
4435,0
9864,0
7359,0
28070,0
6648,1
5902,1
26283,0
13976,1
22710,0
24676,0
26809,0
2914,0
11040,1
21569,1
23548,0
26497,0
9500,0
3564,1
16645,0
4355,0
13925,0
11157,0
12174,0
6454,0
28880,1
25476,0
29397,0
18440,0
19875,0
7725,0
22107,0
19670,0
15905,0
794,1
14751,0
7233,0
16759,0
2525,0
11966,0
25619,0
12821,0
23487,0
23769,0
3543,0
29986,0
2576,0
10002,0
9210,0
18014,0
13973,0
2069,0
11060,1
13848,1
19510,0
12422,0
22968,0
18288,1
15376,0
6762,0
18602,0
17669,1
25666,0
19685,0
29876,0
22884,0
16779,1
24022,1
8580,0
23558,0
21523,1
21771,0
21833,0
15964,0
20302,0
16527,1
27621,0
29331,0
24409,0
18521,0
23266,0
29017,1
9062,1
27094,0
23515,1
26307,0
20292,0
17878,0
26464,0
11216,0
21897,0
17096,0
7422,0
5685,0
6403,0
26989,0
25464,1
18121,0
21716,1
25831,1
11629,0
7669,0
15333,0
11252,1
3887,0
27717,0
10792,0
29403,0
26319,1
16916,0
28897,1
18498,0
664,0
22831,1
11737,0
8267,0
17901,1
65,1
2537,0
18392,0
11395,1
5139,0
7123,1
4189,1
26339,0
9576,0
17485,1
704,1
23017,0
29385,0
12839,0
18883,0
15861,0
18149,0
10814,0
8498,0
22572,0
10533,0
20009,0
22976,0
15330,0
21213,1
27104,0
22046,0
8986,0
21931,0
11618,0
21030,0
24806,0
25559,0
26258,0
16578,0
13998,1
19913,0
29643,1
26699,0
7830,1
13165,0
11769,0
2634,1
17353,0
3283,1
4074,0
21723,0
9638,1
29774,0
4184,0
10691,1
27176,0
22617,0
13838,0
24181,0
9124,1
22243,0
24496,0
13788,0
27668,0
15224,0
29120,1
1288,0
20395,0
11706,1
22799,1
24407,0
23638,0
28066,1
8818,0
23293,0
19933,0
297,0
17681,0
1062,0
9029,0
4991,0
2643,0
23069,0
2622,1
18090,0
18280,0
19664,0
4061,0
5602,0
22560,0
22620,0
27378,0
13547,0
1034,0
20581,0
25621,0
27800,1
23552,0
7739,1
28379,0
27759,0
13022,0
9811,0
24384,0
22742,0
1317,0
29951,0
17058,1
2152,0
27392,0
11346,1
11921,1
15672,1
5814,1
1389,0
24941,1
26190,0
9613,0
1544,0
18842,1
12030,1
23279,0
16138,1
24040,1
8603,1
21563,0
18008,0
25378,1
20475,0
17293,0
13860,0
8389,0
23518,0
22613,0
22053,1
1506,0
28703,1
4175,0
9434,0
4009,1
1402,1
17030,0
12147,0
13818,0
28272,0
4528,1
1254,0
23083,1
27281,0
699,0
14397,0
20810,0
3093,0
13727,0
16149,0
11912,1
12650,1
6340,0
16196,0
20166,0
5745,0
18029,0
11474,0
20909,0
2275,0
13329,0
5806,0
3508,0
22281,0
20418,0
1162,1
7730,1
17915,0
20656,0
28648,0
18751,0
16088,1
24275,0
5663,0
15337,0
1503,1
17848,0
13328,0
15811,1
6360,0
22731,0
13877,1
21011,1
21602,1
23542,0
11163,0
17978,0
5854,0
11842,1
4036,0
12645,1
922,0
11347,1
18671,0
28695,0
3921,0
28122,1
17572,0
12344,0
16782,1
6418,0
27874,0
402,0
9186,0
7678,0
27284,0
19909,0
6561,0
1387,0
10948,0
26705,0
10150,0
1816,0
9051,1
8470,0
14132,0
4549,0
27844,1
21287,0
28558,0
27574,0
17320,1
17386,0
14899,1
14189,0
3306,0
27675,0
15380,0
11050,1
5950,0
6401,0
16785,0
3770,1
9897,0
1944,0
12242,0
29006,0
7417,1
20032,1
28620,0
5488,1
24740,0
15276,1
28672,0
8938,1
25213,1
16249,0
18994,0
7712,1
3319,1
23897,0
28554,0
3037,0
21184,0
4573,1
2489,1
20149,1
14950,0
16438,0
2783,0
14534,0
16009,0
21641,0
180,1
18846,0
17128,0
9708,0
13839,0
28273,0
20239,1
12886,1
7514,0
23143,0
11509,0
16439,0
27275,0
27069,1
17288,0
612,0
10812,0
7806,0
19074,0
25201,1
27099,1
3095,0
6438,0
16341,0
9951,1
14959,0
18730,0
5737,1
27082,0
7533,0
12219,0
9988,0
8682,0
5774,0
12844,0
5570,0
5694,0
10447,0
29620,1
22963,0
6506,1
13402,0
25941,0
28139,0
8297,0
24510,0
134,0
13835,0
15662,0
3548,0
24963,1
5217,0
26103,0
19150,1
18874,0
22859,1
3595,1
10970,0
25394,0
34,0
3712,0
14942,1
8585,1
1982,1
20317,0
27283,0
25077,0
18630,0
18508,1
641,0
7432,0
4941,0
8409,0
15452,0
19780,0
19084,1
18128,0
15692,0
26565,1
11500,0
27705,1
27964,0
9904,1
19270,0
8809,1
23396,0
2434,0
3068,1
23136,1
21339,0
3498,0
19368,0
13127,0
9530,0
19542,0
150,1
1418,0
4930,0
28029,0
19157,0
10089,1
10517,0
6937,0
13425,1
17267,0
27228,0
21272,0
16373,0
26867,0
1690,1
18969,0
12932,0
9311,0
19726,0
26531,1
4900,0
24501,1
8975,1
16774,0
26931,0
23867,0
28606,1
29209,0
6038,0
4596,0
7924,0
13829,0
21378,0
11241,1
22978,0
20445,0
22330,0
19516,1
6367,0
16609,0
14887,1
24356,0
570,0
8839,1
4067,0
25806,0
5892,0
16336,1
11502,0
17094,0
3786,1
6415,0
16107,0
5012,1
21089,0
28666,0
28642,1
11733,0
13094,0
1812,0
13479,1
14785,0
5553,0
3988,0
13436,0
14800,0
26979,1
417,0
1494,0
6915,1
20999,0
1423,0
12144,0
15209,0
18081,0
13614,0
7708,0
21394,0
23181,0
26827,1
14789,1
29225,1
14541,0
23993,0
13940,0
14268,0
28129,0
1283,0
27068,0
28259,1
23919,1
24028,0
1235,0
812,0
28959,1
11205,1
15768,0
9411,0
22373,0
11478,1
25867,1
4747,1
6748,0
19696,0
18233,0
18679,0
19715,0
619,0
513,0
18015,1
8387,0
10749,1
17693,0
25401,1
23248,0
10122,0
5366,0
29247,1
21452,0
114,0
12104,0
21337,0
6292,0
11876,0
10751,0
18863,0
340,0
21964,0
18990,0
27651,1
4423,0
15711,0
12432,0
28545,0
18241,0
12473,0
17338,0
10876,0
15897,0
2604,0
5921,0
4330,1
2437,1
9706,1
5280,0
11227,0
6183,1
2532,1
26360,0
28502,1
24007,0
21973,1
18057,0
12373,0
1979,0
3913,0
1850,1
24560,0
7078,0
626,0
12735,1
24703,0
514,1
15749,1
4905,0
4216,0
23748,1
4513,0
19523,1
25349,0
7281,0
19136,0
27151,0
24568,0
12173,0
3962,0
1806,0
21052,0
24325,1
16402,0
16232,0
17462,0
22224,0
1499,0
10525,1
8981,0
11488,0
28238,0
20920,1
12292,0
19906,0
3023,0
28643,0
25958,0
6133,1
1159,0
21331,1
7963,0
11495,0
22230,1
16869,0
25661,1
24211,0
9489,0
18895,0
24156,1
8643,0
29969,1
4641,1
755,1
8511,0
7264,1
10982,0
3600,0
9855,0
18600,0
14013,0
17868,0
19374,0
19742,0
11686,0
16736,0
16601,1
5446,0
6254,0
6287,0
29851,0
27915,0
18199,1
16713,0
26479,1
24566,1
13643,0
2944,1
5465,1
3094,1
9968,0
21427,0
8948,0
15168,0
18366,0
29372,0
24495,1
16715,0
24048,0
21457,0
27119,0
11633,0
12630,1
13337,0
2619,0
5997,0
9917,0
3516,0
295,0
29336,0
13726,0
23933,0
14427,0
7847,1
29099,0
3529,0
24995,0
1608,0
26027,0
9577,1
29078,0
7864,0
6715,1
15745,1
24884,0
26115,0
26522,0
1793,0
15833,0
8071,0
10660,1
26804,1
2561,0
12770,0
11594,0
1227,0
15295,0
13598,0
25929,1
20148,0
19666,0
17175,1
20884,1
1141,0
14072,1
8722,0
18281,0
7351,0
11545,0
1946,0
10337,0
20577,0
7398,1
6082,0
9077,0
21693,0
3554,0
16824,0
28994,0
23214,0
7467,0
9424,0
22945,0
58,0
6822,0
13203,0
17455,0
11869,1
27430,0
24399,0
2449,0
3299,0
12616,0
6118,0
12057,0
10493,0
29357,1
911,1
27782,0
20153,0
18737,1
2277,0
17861,1
28385,1
17186,0
22408,0
2270,1
9138,0
17451,0
1038,0
17400,0
20755,1
18681,0
18804,0
334,1
28056,0
24387,1
1720,1
19561,0
8852,0
21188,0
29658,1
29949,0
7626,0
23723,0
18234,0
8995,1
17571,0
15901,1
13573,0
21358,0
21990,0
19792,0
1643,0
27747,0
10661,0
6849,0
854,0
29046,0
21552,1
25412,0
2231,1
9366,0
12061,0
28159,0
16764,1
17722,0
24861,0
6069,0
15083,0
16230,0
28123,0
21901,1
27757,0
1987,0
27027,0
10590,0
5435,1
9559,0
28225,0
12575,0
24529,0
11718,0
27531,0
10746,0
20425,1
22123,0
9386,1
28860,0
24892,0
871,0
8797,0
19691,0
7191,0
2686,0
26535,0
28433,0
27045,0
14838,0
20980,1
15019,0
29200,1
70,1
18928,1
23315,0
10713,0
4802,1
25441,1
291,0
25383,0
20463,0
3092,0
21028,1
20675,0
23744,0
27755,1
24888,0
21003,0
27677,0
14247,0
872,0
1044,0
5693,1
2162,0
19540,0
24764,0
4089,0
29551,1
17111,0
2127,1
11149,0
21654,0
25275,0
27393,0
27620,0
27159,1
3269,0
4906,1
28640,0
15147,1
6557,1
4640,1
2727,0
9446,1
7553,0
16113,0
6230,0
28440,0
23659,0
19446,0
24639,0
20420,0
15244,0
17597,0
9356,0
17368,0
8789,1
20018,0
12110,0
16749,1
1236,0
29720,1
14993,0
28348,0
14863,0
8502,0
9192,1
23306,1
12777,0
10962,0
28468,0
7611,1
18042,1
17871,1
19303,1
7858,1
25654,1
18124,0
8976,0
2419,0
29935,0
12327,0
4349,1
11123,1
23508,0
8526,1
21614,1
9248,0
25142,0
13777,1
7475,1
24188,0
14725,0
25653,1
11564,0
1871,0
21061,1
25081,0
15174,1
11736,0
16043,0
22014,0
24085,0
21316,0
25658,0
19677,1
16036,1
215,1
9643,0
23621,0
8211,1
10012,0
17168,0
17387,1
27336,0
589,0
27584,0
10947,0
20036,0
25364,1
20436,0
16944,0
26953,0
7882,1
554,1
19128,0
26068,0
7785,0
11702,1
14610,0
12984,0
18120,0
10617,0
11014,0
22654,0
13501,1
24010,0
29594,0
17026,1
19612,0
25846,0
12850,0
6103,0
10520,0
3550,0
19468,0
14773,0
5519,0
19613,0
11249,0
19600,0
2511,1
8087,0
5426,1
3425,0
20988,0
6946,1
9768,0
25195,0
20291,1
10182,0
976,0
28746,1
17739,1
1783,0
10580,0
22532,0
10086,0
18320,0
13953,0
5534,0
12548,0
22951,1
17422,0
11030,0
17853,0
18268,0
10900,1
26692,1
1906,0
7299,0
15479,0
29162,1
11996,0
21524,1
10277,0
16967,0
11602,0
17075,1
6618,1
29506,1
9071,0
1379,0
7001,0
3717,0
11442,1
6414,0
21186,0
29505,1
23207,0
8845,1
29618,0
9141,0
14429,1
22093,0
15950,0
14742,0
2651,0
10095,0
28794,0
20813,1
15577,0
24370,0
1770,0
4518,0
17211,0
27879,1
28340,0
19834,0
23162,0
16135,0
8020,0
17542,1
9630,0
2906,0
11695,0
26032,0
1104,0
16886,0
20212,0
2144,1
15610,0
2272,1
11700,0
25038,0
2493,1
14075,1
12807,0
4951,0
29755,1
27348,0
4814,0
6676,1
26852,0
21843,0
29984,1
3605,0
14986,0
2068,0
22444,1
933,1
17189,1
12881,0
1822,0
3089,1
7296,0
28363,0
3338,0
8496,1
23536,0
16223,1
12136,1
512,0
20458,0
1910,0
2074,0
2020,1
6320,0
21421,1
7896,0
21547,0
4288,0
19487,0
686,0
11661,1
21650,0
18546,0
6012,1
27547,0
7670,0
13311,0
22367,0
27002,1
20196,0
21320,1
14821,1
26650,1
14126,0
380,0
10097,0
24777,0
28659,0
29497,1
23427,1
18074,1
20431,1
3374,0
26851,0
5389,0
2714,0
26150,0
24430,0
16744,1
5404,0
12947,1
28109,1
15533,1
25953,0
14560,0
15602,0
25920,0
10615,0
16448,0
11424,1
26733,0
21348,0
10697,0
4992,0
27595,0
474,1
5434,0
28202,1
23098,0
21398,0
15945,0
1404,0
23611,0
3633,0
382,1
8068,0
83,0
6673,0
27409,0
15728,0
12350,0
19112,0
6892,0
50,0
24067,0
29605,1
8734,0
10925,0
9350,0
21224,0
4007,1
3764,0
6608,1
7122,0
5816,0
28292,0
18482,0
13286,0
15404,0
4434,0
3400,0
6468,0
19373,0
11596,0
29265,0
13707,0
17231,1
4369,0
6549,0
24651,1
16060,0
8652,1
26170,0
11691,0
23203,0
350,0
6767,0
11120,1
7845,1
636,1
7928,0
25761,0
3756,0
15694,0
7505,1
27793,0
9925,1
29253,0
7228,0
21450,1
4822,1
2756,0
29001,0
19950,1
18388,0
9647,1
23537,0
19557,1
5183,0
23413,0
17381,0
19924,0
22725,1
23130,0
29869,0
19313,1
29970,0
15995,0
23443,0
3446,0
28951,0
17,1
15810,0
28854,0
24035,1
22423,0
4612,0
24835,1
15910,1
11907,1
9084,0
2600,0
20096,0
22981,0
2056,1
17258,0
22524,0
20033,1
12764,0
4520,0
8279,1
6803,0
2010,1
3811,0
24388,0
12781,1
26132,0
22290,0
13315,1
27286,0
1363,1
26735,0
17370,0
20319,1
18264,0
4915,1
16820,0
21232,0
20315,1
18760,1
12518,0
20075,0
14225,0
3473,0
22001,1
4464,0
22913,0
2210,0
21998,0
17296,0
1947,0
17172,1
7683,0
2612,0
3979,0
13801,1
5798,0
8517,0
29674,0
27126,0
29335,0
778,0
553,0
5230,0
19520,0
15478,0
15429,0
3085,0
22807,0
10444,0
24904,0
13033,0
10878,1
3308,0
5643,1
11250,1
9549,1
11860,0
11631,0
25978,0
22273,0
15684,1
16122,1
169,0
3325,1
26821,0
29043,0
7285,1
24807,0
23359,0
14865,1
2878,0
27957,0
6425,0
3149,0
18250,1
8460,0
21764,0
10448,1
12897,0
18665,0
8464,0
27672,1
4500,0
1583,0
965,0
3249,0
16863,0
15757,0
15601,0
858,1
12090,0
855,0
23451,0
10209,0
860,0
15117,0
5149,1
9139,0
8131,0
12213,0
11405,0
7327,0
3187,1
24114,0
5325,0
1789,0
18494,0
23589,0
24232,0
24304,1
29387,0
9074,1
10085,0
6302,0
13505,1
7347,0
25498,0
10234,0
22736,0
27479,0
28391,0
24126,0
1355,0
4510,1
24894,0
7210,0
24968,0
624,1
20858,0
11397,1
17939,0
15616,1
5468,1
21545,0
3049,0
18361,1
12053,0
15534,0
10983,1
12241,0
8182,0
9922,1
1908,0
23165,0
19567,0
9733,1
13955,0
5500,0
16976,0
15194,1
22390,0
18909,0
15928,0
23877,0
17554,0
10181,1
11891,0
18460,1
24997,1
12731,0
27072,1
8636,1
8841,0
24064,0
24472,1
5881,0
4719,0
217,1
16966,0
477,0
3952,0
2427,1
533,1
14461,1
19644,0
9890,1
12055,1
13534,0
22510,0
24322,0
26830,0
10254,0
18172,0
8678,0
4317,0
788,0
3905,1
9101,0
23817,0
15288,1
18346,0
917,0
5740,0
8872,0
16090,1
12371,0
8173,0
27648,0
10882,0
1581,0
27792,0
17968,0
18190,0
4632,0
26468,0
18682,0
29215,1
24592,0
5924,0
3829,0
753,0
18037,0
11471,0
2885,0
239,0
5015,0
11959,0
10526,1
10172,0
19795,0
8561,1
5844,0
16320,1
3587,1
29554,0
22969,1
3222,0
8310,0
28507,0
28968,0
6792,0
26133,1
8356,0
10705,0
26641,1
14221,1
5865,1
17526,1
23766,0
16813,1
27691,0
7782,0
28478,0
16229,1
25274,0
6550,0
18933,0
1110,1
29939,1
5611,1
463,0
16491,1
1186,0
15130,0
4935,1
6080,0
22506,0
27481,0
23629,0
21774,0
19552,1
29571,1
14017,1
17447,1
7029,0
5564,0
4545,0
11000,0
19744,0
27316,0
3703,0
23949,0
10485,1
24079,0
25537,1
10106,1
13824,0
5863,0
2315,0
29273,0
1762,0
14101,0
13222,1
7952,0
22538,0
24357,0
23522,0
1703,0
27042,0
6090,1
993,0
15521,0
15894,0
18535,0
9666,0
12561,0
24837,0
29959,0
15800,0
22487,0
19337,0
26088,0
7532,1
11556,0
15947,0
10020,0
6740,0
13541,0
15297,0
28346,1
18274,0
20151,0
5236,1
12256,1
2163,0
11432,0
18430,1
28628,0
7943,0
20434,0
20368,1
27827,1
10929,1
27155,1
9865,0
5891,0
4668,0
8427,0
18390,0
19276,0
28842,1
1318,0
1843,0
14866,1
19692,0
15523,0
2615,0
27454,1
14875,0
16587,0
22694,0
21400,0
25128,0
10864,0
26052,0
8642,1
8829,0
10844,0
73,0
11477,0
3448,0
9415,0
29647,0
20241,1
1535,0
16625,0
1566,0
6563,0
22509,0
18493,1
17427,0
16546,0
17110,0
18931,0
26279,0
22871,0
5788,1
19214,0
932,0
25172,0
15281,0
15904,1
706,0
26180,0
901,0
14125,0
13474,0
14537,1
22821,0
20917,1
25262,1
15069,0
2884,0
25465,0
2318,0
21533,1
23894,0
15589,0
5354,1
8951,0
16258,1
2685,1
5365,1
12269,1
8490,0
24383,1
12825,1
17407,0
23179,1
11675,0
18814,0
21714,0
410,0
13430,0
2397,0
11231,1
22377,1
2062,0
3004,1
27968,0
9556,0
13566,0
27923,1
21520,0
25280,0
11592,1
2613,0
1734,0
4729,1
21220,0
7941,0
16714,1
28538,1
8837,0
17963,0
27035,1
6108,1
8738,0
16810,0
21756,1
67,1
12146,0
18339,0
21536,1
23868,0
18338,0
2075,0
29122,1
27607,0
7144,0
3252,0
18145,0
25028,1
20944,1
25158,0
234,1
22671,0
23253,1
25177,1
5679,0
4111,0
5229,0
15255,0
20045,0
306,0
24391,0
25697,0
27319,0
6158,0
1267,0
280,0
2155,0
29799,1
29356,0
3255,0
28377,1
20855,1
2328,0
16190,0
16933,1
1614,0
20066,0
2924,0
24359,0
18701,1
23946,0
23623,1
25113,0
6773,0
27628,1
15457,0
715,0
19262,0
24418,0
11672,1
23941,0
5305,0
16031,0
1008,0
25747,0
27472,0
22668,1
329,0
24668,0
28757,0
11168,0
117,0
28316,0
2834,0
10618,0
22116,0
3597,1
12930,0
11915,0
25470,0
23350,0
18050,1
28400,0
18919,1
15893,0
24403,0
4730,1
29823,0
2541,0
22784,0
1609,0
12978,0
21551,0
26835,0
5877,0
24985,0
18973,1
18161,0
15625,0
27101,0
26687,1
21594,0
13982,0
11319,1
6871,1
20542,1
10332,0
10794,0
12734,0
17664,1
13623,0
18555,1
288,0
8318,0
12711,0
25672,0
10635,0
28193,0
15637,0
8231,1
4949,0
358,0
19728,0
13,0
27528,0
12610,1
18180,0
12693,0
9947,1
20386,1
11807,0
25517,0
19484,0
15048,0
19515,0
1510,1
12868,1
20541,0
24013,1
21278,1
12578,0
10075,0
14063,1
718,0
23917,0
20131,1
22614,0
13020,0
9981,0
20676,1
17524,1
4617,0
22461,0
11230,0
23923,0
20843,0
18735,0
5605,0
1967,1
2235,1
26429,0
15192,0
21836,0
20403,1
16650,1
20928,1
17378,1
29665,0
8817,0
26658,1
6277,0
6207,0
28341,0
19661,1
9136,1
11009,1
19051,1
18490,1
19010,0
16821,0
23850,1
25629,0
22719,0
16280,0
5651,1
11268,0
19132,0
12080,0
27320,1
24932,0
4630,0
28360,0
29204,0
10923,0
19483,0
1922,0
14653,1
1259,0
20399,1
21170,0
27206,0
27698,0
5452,1
1780,0
28177,1
22883,0
22206,0
19240,0
6059,0
15756,0
17174,0
28190,0
1148,0
7160,0
5180,0
6900,1
20962,1
8187,0
22587,0
20745,0
1998,0
9043,0
2969,0
29448,0
19824,0
2130,0
2505,0
25295,0
27532,0
8838,0
20649,0
19562,0
13923,0
16814,0
2064,0
4842,0
22339,0
5079,1
6769,0
11434,0
25229,0
696,0
10006,0
17904,1
28166,1
9103,1
23876,0
900,0
29636,0
18324,0
22575,0
7862,0
5577,0
12231,0
5998,0
8629,0
21601,0
18371,1
13160,1
16485,0
2812,0
21255,0
17691,0
14394,1
13069,0
6554,0
7984,0
5171,1
19638,1
25165,0
4383,0
7355,0
4447,0
16848,1
29364,0
16266,0
22296,0
29962,0
9416,1
19994,0
18596,0
12706,1
14748,0
203,0
9563,1
9331,0
21511,0
27212,1
11403,0
3025,1
18532,0
29349,0
29957,0
14545,0
2197,0
7059,0
21239,0
18225,0
23965,1
16156,1
23983,0
1571,0
6488,0
3525,0
26466,0
13775,0
28816,1
10300,1
11505,0
2553,0
11585,1
13461,1
28619,0
12128,0
10219,0
13576,1
5077,1
18764,0
244,1
14873,0
22080,0
18387,0
2917,1
26304,1
29118,0
3574,1
13219,1
23081,1
27178,0
10409,1
8276,1
28829,0
28395,0
3858,0
8380,0
29206,0
13306,0
8151,0
15441,0
6711,0
28286,1
29482,0
4024,0
10322,1
28580,1
25185,0
21625,1
28678,0
28671,1
6179,1
2105,0
28437,0
29398,0
22412,0
20336,1
26082,0
16304,0
5610,0
2922,0
23758,0
16509,0
26038,0
27131,0
2904,1
26131,0
24776,1
27900,0
7642,0
1219,0
6984,1
536,0
28654,0
14729,1
25836,0
3401,0
5987,0
9766,0
25762,0
9561,0
22151,0
12923,1
14611,0
2364,0
28477,1
24700,0
6349,1
2698,0
9542,0
18907,0
20782,0
4665,0
23327,0
2667,0
25611,0
12765,1
15724,0
11995,0
22540,0
28773,0
15937,0
13238,0
17933,0
13978,0
15375,0
7244,0
4655,0
6409,0
13291,0
8942,0
11276,0
12315,0
32,1
8246,0
14044,0
25714,0
23584,0
11818,1
26800,0
14761,1
13874,0
3736,1
25763,0
13118,0
8336,1
25386,0
21020,0
8203,1
28576,0
323,1
22724,0
15348,0
11485,1
23588,0
9551,1
7273,1
8987,0
20152,1
20561,0
4758,1
6163,0
24108,0
14689,0
9512,0
24049,0
2907,0
24443,0
14330,1
22388,0
26261,0
8606,0
20592,0
4999,0
15114,1
7042,0
7965,0
9625,1
12262,0
6471,1
2920,0
16978,1
26865,0
15676,0
25656,0
23633,0
10997,0
2739,0
25895,0
2966,1
1873,0
10743,0
22983,0
3348,0
9682,0
5259,0
29966,0
8341,1
24091,0
13654,1
19065,1
21303,0
25120,0
29185,1
9874,0
16132,1
16148,0
15242,0
11335,0
1334,1
9235,1
28607,1
9642,0
10625,0
20523,0
1678,0
26192,0
20763,0
6026,1
28553,0
11826,0
13322,0
20139,0
24949,0
285,0
4526,0
22041,0
11311,0
14988,0
8671,0
22006,0
11127,0
27480,0
1800,0
17841,0
9010,1
12707,0
24165,1
21921,0
15652,1
15761,1
29895,0
17825,0
6201,0
17467,0
26354,1
27380,0
15970,1
14994,0
29109,1
14365,0
8411,0
29954,0
10357,1
10179,0
29663,0
22183,1
7464,0
15235,0
2937,0
19424,0
16671,1
14583,0
315,0
20272,0
5098,0
13112,0
26566,0
20279,0
28201,0
5840,0
11303,1
28943,0
25683,0
9580,0
23417,0
7859,0
29854,0
24365,0
29918,1
13463,0
19320,0
22320,0
21789,0
10351,0
5226,0
7955,0
26514,1
29439,0
26859,1
25010,0
5915,0
7474,0
24591,1
23628,0
27724,1
10738,1
2526,0
14477,0
11248,0
1593,0
1868,0
1939,0
24743,0
27602,0
5667,0
20245,0
21322,1
9850,0
11354,0
10312,0
11476,1
11321,0
14021,0
17792,1
20881,0
18733,0
21877,1
14783,0
18208,0
8984,0
493,0
7364,0
949,0
13325,0
19662,0
2819,0
14500,1
4993,1
951,0
15916,0
11942,0
26021,0
8567,0
6752,0
4885,1
27249,0
23052,1
21653,0
23695,1
16027,1
8706,0
20695,1
13121,0
23,1
22122,0
4772,0
5124,1
16315,0
8191,1
19815,1
26657,1
26722,0
26073,0
16589,0
19632,0
5493,1
14347,0
26128,1
6051,0
27132,0
18007,0
3909,0
673,1
18351,1
10991,0
13581,0
6120,1
24724,1
10138,0
26776,0
27256,0
29899,1
7257,0
3045,0
836,0
18,0
3781,0
14574,1
29707,0
20620,0
19793,1
22698,0
11308,0
10757,1
4395,0
3850,0
23169,0
21630,0
16029,1
24323,0
17647,0
7392,0
7416,1
3447,0
13966,1
21197,0
4071,1
18003,0
6242,0
21735,0
28796,0
14946,0
18166,0
16026,1
14520,0
22515,0
5397,0
21110,1
17745,0
11928,0
11829,1
17302,0
7148,0
25989,0
15212,0
17679,0
12709,0
20058,0
6869,0
2711,0
29002,0
14588,1
19732,0
14283,0
2515,0
721,1
24486,0
14326,0
22004,1
6940,0
278,0
3413,0
22219,0
12590,0
27931,1
14983,0
25707,0
11037,1
5175,0
27366,0
2852,1
18075,1
4777,0
11828,1
7556,1
22061,1
23178,0
3335,0
1657,0
5810,0
7092,1
29259,1
26182,0
23705,1
26503,1
16421,0
12818,0
26822,0
17276,0
4585,0
6827,1
23934,0
14791,0
2640,0
28069,0
24632,0
14544,0
18286,0
8972,1
26266,1
1239,0
14890,0
5181,0
20716,0
6659,0
13265,0
22956,0
18536,0
6072,0
22314,0
5977,0
19697,0
916,0
22648,1
16128,0
14578,0
2800,0
9529,0
26230,0
25365,0
9481,0
5547,0
4080,0
9714,0
3741,0
13934,0
19589,0
12211,0
21059,0
23620,0
17862,0
13804,1
6337,0
11719,0
21772,1
20708,1
22656,0
8049,1
22026,0
20748,0
317,0
231,0
8094,0
18887,0
12337,0
19967,0
17709,0
17246,1
19574,0
24479,1
7098,0
27248,0
26434,0
16952,0
11716,0
9555,1
8374,1
578,0
10046,0
7656,0
24754,0
11184,0
27865,0
13694,0
7775,1
876,0
17902,0
10638,0
16054,0
26450,0
28774,1
2726,1
9044,0
26606,1
14823,0
24313,0
17626,1
20232,0
16187,0
19187,0
17969,0
10949,0
25061,0
27124,0
27469,0
16446,0
4272,0
14374,0
16032,1
1556,0
6043,0
12568,0
28591,1
27630,0
8100,0
12620,1
16531,0
11864,1
12533,1
5392,0
5395,0
19114,0
2252,1
15585,0
10534,1
27710,0
21034,1
13267,0
18252,0
78,1
16391,0
9048,1
5732,0
21530,0
17998,0
8214,0
18559,0
4347,1
5793,0
25812,0
18290,0
2278,0
5818,1
5838,1
4684,0
22920,0
10843,1
21097,0
7159,0
6294,0
10869,0
26685,1
21196,1
14444,0
8812,1
27207,0
13711,0
16888,0
4332,1
9806,0
436,1
29262,0
21029,1
3843,0
16024,1
23269,1
9328,0
12700,0
25405,0
11857,1
16114,0
13688,0
12306,0
17581,1
24076,1
13086,0
12857,1
21249,0
12975,0
2549,0
13638,1
21971,0
2768,0
10390,1
927,0
25950,0
16234,0
2202,1
21840,0
3753,1
16068,1
16395,0
15738,0
2233,0
19016,1
16323,1
10341,1
12118,1
21692,0
25969,1
14084,0
2173,0
25345,0
4475,1
14597,0
28252,0
14518,0
6886,0
3234,1
11024,0
13945,1
20450,0
6926,1
20925,1
24784,0
26166,0
20853,1
12854,0
847,0
24008,0
5279,0
11384,0
1311,1
27229,1
3631,0
16745,0
16503,1
17657,1
16832,0
9793,0
25928,0
4676,0
28962,0
27205,0
15718,0
19394,0
10080,0
20669,1
17032,1
21910,0
19404,1
6606,0
9223,1
22143,1
29486,0
22012,1
9646,0
29623,1
10269,0
1617,0
7993,1
4270,0
13356,0
3808,0
10539,0
7987,0
7263,0
24239,0
1043,0
7277,1
22421,0
4298,0
19934,1
7586,0
21048,0
6034,0
9256,0
13280,1
27000,0
17832,1
441,0
13836,0
28939,0
24912,0
25859,0
21811,1
14554,1
21938,0
20360,1
9477,0
1607,1
1705,0
13845,0
28621,0
9003,1
22251,0
19658,1
17735,1
18187,0
3657,1
3239,0
26390,0
3342,0
29242,0
24485,0
17203,0
27417,0
13617,0
13034,0
3237,0
21776,0
12946,0
25260,1
27884,1
19247,1
21550,0
12779,0
9765,1
16884,0
4819,0
6022,1
25698,0
8978,0
27106,0
25598,0
12167,0
13612,0
29811,0
13510,1
28754,0
11239,1
7850,0
24484,1
5063,0
23731,1
14182,0
19751,0
20142,0
6605,1
14834,1
21492,0
7112,0
17665,0
18656,1
14474,1
13099,1
15496,1
17031,1
13795,0
20870,0
27484,1
1428,1
10608,0
17055,1
9200,0
25335,0
5890,0
12539,0
11440,0
14109,0
21715,0
10682,0
22964,0
7975,0
15807,0
20473,1
11034,1
11473,1
13129,0
368,1
11441,1
19772,0
19003,0
25193,1
24959,0
24339,0
9001,0
22070,0
679,0
16359,1
26627,0
5897,0
13720,1
19597,0
18830,0
1495,0
15908,1
1777,1
7111,0
28067,0
8505,0
7246,0
10941,1
11199,0
20259,1
29669,1
13255,1
1088,1
14095,1
24111,0
5455,0
13784,1
29271,0
20410,0
29733,1
6720,0
17756,0
9927,0
22374,0
17984,0
6044,0
20721,0
5484,0
26347,1
22914,0
8448,0
9096,1
24650,1
4011,0
21720,0
28101,0
20388,1
19310,0
29008,0
16705,1
488,0
4921,0
415,0
14720,0
6279,1
20827,0
17265,0
19402,0
24075,0
11253,0
17869,0
24248,0
24082,0
17755,0
7707,0
12806,0
12558,0
21416,0
19796,0
24378,0
3541,1
22627,0
13975,1
23001,0
2862,0
16986,0
21807,0
26076,0
18304,0
27435,0
13354,0
29227,1
7773,0
9320,0
16892,0
22739,0
832,1
25296,0
29638,0
23565,1
25352,0
20539,0
7857,1
20394,0
4104,0
19453,1
6135,0
16430,0
8793,0
25774,0
1708,0
14046,1
27749,1
3286,0
5765,0
4778,0
15027,0
16971,1
23991,0
3618,0
22595,0
18807,1
3569,1
25001,0
16685,0
13928,0
15509,0
6644,1
29207,0
27919,0
8030,0
5485,0
17619,1
28163,0
19964,0
9526,0
8848,0
8917,0
9129,0
4203,0
18569,0
18808,0
13131,0
4584,1
5242,0
27661,0
15567,0
23884,1
3689,1
5019,0
16534,0
19741,0
4440,0
28389,0
26993,0
6798,0
13927,0
22278,0
3856,0
19295,0
6787,0
5656,1
26828,0
8610,0
21379,0
25639,0
10228,1
2356,0
19442,1
29699,0
4444,0
29819,0
4176,0
15767,1
10547,1
4525,0
8110,0
407,0
8391,1
5330,0
27619,1
14278,1
3197,0
17521,0
12681,0
25208,0
12715,0
5846,1
19503,0
16101,0
8666,0
12442,0
2131,1
24558,0
14030,1
12528,1
1441,1
8963,0
14422,0
24880,0
29773,0
7710,0
7824,0
5128,0
24757,0
7243,0
14539,0
15612,0
21515,0
27034,0
2887,0
25187,0
28582,1
346,0
1156,0
16125,1
16044,0
18816,0
9882,0
3183,0
21918,0
26836,0
27150,1
28699,0
21081,0
3006,0
3608,0
16199,0
3891,0
28726,0
17896,0
5033,0
3886,0
29172,0
23358,0
8553,0
28093,0
27389,0
4092,0
4121,0
10370,1
3384,1
484,1
23038,1
21490,0
24439,0
25017,0
18365,0
24866,1
4903,1
24051,0
6956,0
18453,0
8680,0
12526,0
26014,0
16348,1
26214,0
20164,1
9066,0
15200,0
15119,0
9783,0
15233,0
28583,0
26511,1
20530,0
25492,0
25628,0
21908,0
18939,0
21246,0
13151,0
109,1
18862,1
24590,0
12619,0
4511,0
23570,0
20531,0
27952,0
24765,0
23454,0
1223,0
24803,0
19674,0
26873,0
25157,0
21724,0
11926,0
11955,0
12369,0
10169,0
6104,0
18189,0
11188,1
1140,0
23437,0
17070,1
6636,1
20051,1
1883,0
22106,0
8911,1
13017,0
608,0
3395,1
29462,0
19365,0
3292,1
2718,0
12021,0
29765,0
20880,0
28857,1
25635,0
14540,1
1742,0
18004,1
4705,0
28119,0
6675,0
26389,0
5106,0
4783,1
705,1
23578,0
18193,1
6546,1
12680,0
21791,0
29796,1
16134,0
24547,0
4045,0
6693,0
19507,1
20441,1
12900,0
6856,1
26718,0
6400,1
12725,0
2309,0
18974,0
2679,0
20312,0
13981,0
11918,1
2007,0
15574,0
3544,0
4962,0
8968,0
20572,0
9659,1
12730,0
14116,1
7827,1
28237,0
4453,0
23497,0
25667,0
7714,0
12780,1
28724,0
13498,0
24174,0
17729,1
24745,0
14802,0
9347,0
7195,0
9588,1
9863,0
11936,0
2581,0
14437,0
18040,1
11451,1
14235,0
15590,0
995,1
21930,0
6860,0
20904,1
10629,1
12622,0
18585,0
3195,1
15414,1
12472,0
14381,0
18157,0
8998,1
10053,0
27438,0
25863,1
11174,0
12274,0
3360,0
9341,1
11579,0
25297,0
13556,0
27818,0
27729,0
8620,0
29956,0
3053,1
22044,0
8028,0
19577,0
9179,0
6047,0
15583,0
18431,0
20533,0
29292,0
3695,1
24483,0
20235,0
9205,0
17882,0
7481,1
6566,0
26201,0
3420,0
29997,0
446,0
22264,0
17431,1
24719,0
5117,1
4406,0
22774,1
20960,0
8243,1
26573,0
3619,1
11080,0
13085,0
17475,0
4294,0
11636,0
9046,0
21784,0
14409,0
27883,0
8088,0
15881,0
1325,0
3513,1
26751,0
21231,0
5584,1
3116,1
21810,1
27459,1
16556,1
3628,0
19102,1
25151,0
20841,0
11920,0
9349,1
27603,0
26011,0
13266,0
11642,1
17747,1
6374,1
18552,0
4638,0
27001,0
18408,0
2289,1
17559,1
22966,0
13418,1
14451,0
3438,0
7639,0
21155,0
13615,0
9140,1
652,0
8089,0
7530,0
25799,0
3324,0
28439,0
8135,1
20028,0
1685,0
1880,1
26637,1
15393,0
14603,0
12729,1
27474,1
3982,0
15856,1
10247,0
27723,1
3583,0
26226,0
4066,1
27497,0
15776,0
3568,1
23971,1
12137,0
2650,0
28224,0
21039,0
14691,0
28721,0
12697,0
11770,0
19940,0
15417,0
3240,1
22318,0
19568,0
13340,0
11704,0
11833,0
1204,1
10588,0
4050,0
23693,0
923,0
5113,0
9499,0
4034,0
21109,0
25351,0
798,0
19921,0
8627,0
7867,0
495,0
12716,1
8195,0
22429,0
13686,0
29709,1
27571,0
7174,0
14794,1
841,1
28285,0
26778,0
11637,0
16656,0
26401,0
10952,1
28917,0
2156,1
22992,0
17015,0
23658,0
27013,0
771,0
5487,0
12690,0
22467,1
24643,0
2175,0
16,1
23246,0
1483,0
14824,0
22471,0
12851,0
23352,0
29975,1
8657,1
13530,0
24883,0
2480,0
9916,0
5720,0
27318,1
10834,1
6881,0
1374,0
9594,1
12171,0
16680,1
24289,0
16922,0
16683,0
2359,0
9365,0
8851,0
2602,0
11338,0
625,0
22895,0
12889,1
21974,0
3052,1
8431,1
25024,1
5352,0
6262,0
20774,0
17421,1
25765,0
8729,0
16526,0
14855,0
6407,0
714,0
2032,1
18363,0
10227,0
19526,0
11668,0
581,0
3888,0
18717,0
3745,0
9711,0
827,1
15985,0
21132,0
9844,0
24266,0
558,0
4456,1
2149,1
9948,0
12307,0
26391,1
6691,0
2949,0
843,1
26777,1
24863,0
10031,0
28150,1
17547,1
23576,0
13882,1
12458,0
573,0
862,0
24769,1
20969,0
22324,0
23290,0
11802,0
15850,0
697,0
29148,0
8074,0
5270,0
10418,0
19537,1
26243,0
24521,0
24016,0
12186,0
20854,0
24906,0
29829,0
14726,0
18254,0
17366,0
7526,0
9474,0
22434,1
21855,0
16957,1
4396,0
15370,0
6413,0
19657,1
2971,0
14494,0
96,0
9991,0
3277,0
4824,0
4748,1
15041,0
4149,0
13670,0
1093,1
24530,0
27939,0
16287,1
6341,0
9070,0
18817,0
29224,1
28059,0
10944,0
22090,1
4674,1
7899,1
29863,1
25994,0
22777,0
20412,0
15302,0
7979,1
21739,0
269,0
242,0
17762,1
12803,1
18356,0
26344,0
9746,0
28347,0
18700,0
19712,1
14962,1
18685,0
19845,0
16014,0
22048,1
8807,0
4265,0
3000,0
26916,0
11611,0
8453,1
29415,0
14553,0
14388,0
5052,0
2433,1
28097,1
22957,0
18626,1
11134,0
25718,0
10128,0
25065,0
3251,0
4480,0
6333,0
12201,0
623,0
9079,1
2782,0
23338,0
13646,0
8560,0
9423,0
12542,1
11460,0
14358,0
23208,0
15956,0
26875,0
2226,0
26488,0
1527,0
1343,0
19579,0
23078,0
4333,0
19244,0
22882,0
22809,0
3334,0
21342,0
23787,1
21649,0
27806,0
6459,1
8064,1
26598,1
22304,0
5136,1
19946,0
28975,1
1455,0
8302,0
21703,1
8798,1
29865,0
5041,0
10532,0
11077,0
5163,0
24198,1
8755,0
472,0
6137,0
22652,0
24663,0
14386,1
20522,1
28963,0
15023,0
9641,1
22663,0
12791,0
145,0
23167,1
27725,1
11213,0
29325,0
10917,0
13828,0
17337,0
12000,1
13915,1
28934,1
28445,0
26366,0
16353,0
27416,0
9688,0
13649,0
12078,0
27600,1
22530,1
26678,0
6011,1
23715,0
575,0
23006,1
20162,0
29358,1
9838,0
4228,0
14630,0
18414,0
12595,0
29920,1
23399,1
15260,0
7402,0
25526,0
17312,1
25630,1
13378,1
12461,0
27234,0
16302,1
17416,1
5162,1
16521,1
14391,0
13428,0
29379,0
8527,0
27496,0
7094,1
5405,0
20911,0
26007,0
22897,0
29943,0
24125,0
24084,0
10640,0
23627,0
29763,0
7926,1
10988,0
16035,0
13837,0
11272,1
11752,0
16819,0
16220,1
19092,1
21498,1
11019,0
29152,1
12812,0
14178,0
18052,0
9677,1
17537,0
7944,0
23345,0
5300,0
24251,1
15578,0
6232,0
19306,0
29907,0
25906,0
23739,0
8506,1
4380,1
7648,1
23132,0
25020,0
20156,0
9521,0
25966,0
15636,0
27110,0
4414,0
12636,0
4047,0
24011,0
3415,0
29590,0
2381,0
26787,0
19289,0
23149,1
17993,0
23672,0
28326,0
19758,0
10930,0
24735,0
12572,0
9883,1
13872,1
5999,0
16865,1
8142,0
566,0
1321,0
28993,0
17179,0
16504,0
20968,1
28763,0
26876,0
19863,0
5048,0
5403,0
24683,0
12559,0
7989,0
15882,0
658,0
12123,0
18059,1
1702,0
1003,0
19435,1
23727,0
13310,0
23642,1
27980,0
16077,0
6185,0
1056,0
22176,0
5320,0
20287,0
4204,0
24389,0
25000,0
27257,0
6222,1
9155,0
201,1
11621,0
9116,0
12872,0
19734,0
15981,1
974,0
23560,0
10267,0
5541,0
842,0
8664,0
25223,0
8183,0
8614,0
26799,0
8508,1
4214,0
28859,1
1164,0
22772,0
11445,0
18839,0
7964,0
1551,0
9253,0
25219,0
17906,0
10575,0
4394,0
12029,1
9260,0
15471,0
595,0
2635,1
5314,1
4754,1
13276,0
21522,0
21757,0
27347,0
23697,0
18953,0
8918,0
16772,1
27053,0
17120,0
7805,0
16553,0
7477,0
12814,0
17107,0
20929,0
28043,0
10009,1
28176,1
830,0
11989,1
17061,1
2725,0
6003,0
26549,0
5879,0
5250,0
27557,1
25731,1
23524,1
4958,0
13472,0
24182,0
12012,0
14141,0
12654,0
15350,0
3760,0
25748,1
24487,0
24810,0
26469,0
4246,0
29406,0
3099,0
14031,0
23362,1
28054,0
28452,0
11150,1
4497,1
29934,1
12362,1
7700,0
11387,0
8573,0
13521,0
20603,1
24655,0
19835,1
10861,0
13680,1
21779,0
11549,0
8024,0
15239,0
23126,0
7547,0
25728,1
11811,0
19441,0
19210,0
28483,0
26848,0
16443,0
14836,0
4871,0
28561,0
5471,0
14065,0
16178,1
11751,0
15351,1
26680,0
15547,0
21896,0
1591,0
13920,0
28822,0
15374,0
8786,0
18756,0
25711,0
2713,1
19587,0
9656,0
28590,0
185,0
13389,1
13980,0
24831,0
20627,0
20508,0
17466,0
19232,1
20807,0
14459,0
21994,0
29942,0
29723,0
2827,0
4667,0
25011,1
4818,0
5126,0
5544,0
4166,0
5904,0
811,1
18293,1
21911,0
21619,0
15852,1
15500,1
27523,0
9943,1
27449,1
2161,0
5813,1
11063,0
18650,0
10619,0
2071,0
19896,0
15077,1
3346,1
25885,1
29445,0
4283,0
22034,0
4043,1
687,1
7050,0
28540,0
24025,1
4079,0
21377,1
23755,1
7711,0
1490,1
11606,0
17671,0
22346,1
20074,0
11206,0
26455,1
3648,0
15470,1
18572,0
3363,0
14872,0
19386,1
13207,0
21261,0
1595,0
26684,0
16965,0
17872,1
12583,1
15062,0
21622,0
7995,0
15609,0
12648,0
25203,0
11447,0
20267,1
27146,0
492,1
6421,0
28100,1
19513,0
13420,0
26591,0
20565,0
10767,0
13971,0
11357,1
22038,0
427,1
158,0
14948,1
19231,0
7872,0
23768,0
3940,0
218,1
5298,0
24500,1
6857,0
20821,0
13863,0
28737,1
507,0
7903,0
16497,0
16501,0
8534,1
13374,0
11968,0
20130,1
5658,0
3904,1
10774,1
20519,1
9406,1
10853,0
16735,0
18158,1
10366,1
748,0
4337,1
7972,0
29434,0
172,0
1443,0
26884,0
18698,0
2706,0
1244,1
6285,0
11503,0
23785,0
3020,1
3202,1
11353,0
15600,1
26944,1
8456,1
638,0
15367,0
12270,0
3353,1
25684,0
12775,1
3762,0
19227,0
3159,0
21861,0
19067,0
14061,1
21719,0
6004,0
26572,1
23484,1
24798,1
27970,0
21203,0
13163,1
6853,0
14949,0
29016,1
12786,0
1161,0
5585,1
19466,1
672,0
9707,1
18163,0
6191,0
24344,0
13443,0
29490,0
15003,0
1890,0
2558,1
28358,0
4911,1
20707,0
24072,0
20494,1
14246,0
8382,1
29075,1
17121,1
29596,0
4894,1
20158,0
14918,1
20278,0
24158,0
20344,0
15845,0
7298,1
3036,1
8554,0
9240,0
15447,0
23250,0
25644,0
6949,0
12986,0
10253,0
997,0
29841,1
19325,0
20964,1
10951,0
29494,1
25781,0
24276,0
16773,1
16493,0
2026,1
5480,0
2265,0
23209,0
25734,0
22687,0
6408,1
28886,0
20367,1
16508,1
16835,1
10537,1
15826,0
29730,0
7069,1
29441,0
14752,1
14274,0
12002,0
2853,1
23095,0
9923,1
4282,0
28014,0
8695,0
29465,0
11821,1
15903,0
20654,0
10059,1
18249,0
18230,1
1733,0
14883,0
16105,0
18104,0
27018,0
14449,0
22846,0
27991,0
17104,1
24958,0
11607,0
22469,0
6444,0
25102,0
2903,0
10019,0
1351,0
29565,0
19479,0
16843,0
2406,1
24206,0
19345,1
15671,0
24224,0
25826,0
20202,0
22426,0
23797,0
6423,0
3314,0
4185,1
23652,0
7777,1
20031,0
24570,1
22389,0
21979,0
9493,1
345,0
22427,0
19456,0
7749,0
29533,0
6756,0
25270,0
18142,0
28837,0
16073,0
20464,0
6018,0
6600,0
25321,0
3258,1
6404,0
11270,0
28522,1
23199,0
29192,0
1616,1
6972,0
22354,0
14550,0
19143,0
15151,0
5237,1
15158,0
12672,0
17938,0
9053,0
26753,0
24974,1
28747,0
11085,0
19308,0
14108,0
24977,0
12773,1
8043,1
27740,0
13011,1
7524,0
17958,0
19443,0
7184,0
28516,0
6115,0
4737,0
7181,0
22781,0
29944,0
22337,0
14810,1
628,0
28941,1
17830,0
28080,0
7541,0
17717,0
2683,0
15628,0
20957,0
13991,0
9704,0
3861,0
883,0
11334,1
1833,0
6661,0
22693,1
10299,0
7688,0
25960,0
17072,0
6627,0
26890,1
111,0
16545,0
7372,1
29727,1
27117,1
26548,1
11872,0
25192,1
29107,0
26633,0
7441,0
14233,0
17980,0
21112,0
23075,0
2504,0
5548,0
1172,0
5088,0
13703,0
22962,0
19449,0
10935,0
2344,0
26264,0
25973,1
24780,0
2322,1
23271,0
26673,1
26674,0
20691,0
9490,0
5412,0
13652,0
2497,0
27222,1
8264,0
4320,0
22331,1
12277,0
10040,0
14154,1
8691,0
19354,0
18367,0
17191,1
21605,0
14957,0
19363,0
28195,0
14784,0
25907,0
22067,0
25423,0
9422,0
5937,0
7255,0
24298,1
28019,1
10599,0
979,0
18495,0
14255,1
8165,0
17215,0
15081,0
6726,0
10742,1
13411,0
21853,1
1667,1
18770,0
5107,0
18905,0
17303,0
5940,0
15710,0
449,0
14373,0
20767,0
15219,1
6757,0
26157,0
21950,0
6923,0
24981,0
25050,0
16040,1
22733,0
8943,0
1838,0
28702,0
17375,1
14622,0
2674,0
19082,0
11727,0
22397,0
19426,0
11238,1
17810,0
12637,0
8069,0
12022,1
14643,1
20387,0
8676,0
497,0
9756,1
10111,1
12721,0
10225,0
16411,0
24580,0
27902,0
8828,0
3301,1
4637,0
23056,0
76,1
22773,1
2027,0
28535,1
6278,1
15398,0
7309,0
1218,0
16375,1
18876,0
8743,0
3522,0
13554,0
10202,1
5267,0
20257,0
3430,0
16657,0
28782,0
23706,0
28407,1
8324,1
17660,1
3690,1
4086,0
655,0
19570,0
20838,0
6303,0
21978,0
28787,0
7515,0
16709,0
11550,0
29212,0
16910,0
2838,0
14832,0
28820,0
10361,1
2509,0
6433,0
6548,0
19774,0
4455,0
14808,1
11315,1
27055,0
23328,0
16982,0
5574,0
22494,0
14652,0
3598,1
11641,0
2494,0
13939,0
7543,1
4872,0
13525,0
17388,0
5728,0
17991,0
17235,1
8129,0
29455,0
22114,0
13048,0
15309,1
18799,0
10057,0
19225,0
24185,0
1671,0
28386,1
8605,0
27732,0
15666,0
15890,0
19970,0
17757,1
11712,0
13609,0
23892,1
29210,0
3530,1
1080,1
7812,1
14839,0
5277,1
7455,0
21982,0
5980,1
9616,0
17834,0
15148,0
28769,0
18758,1
26259,0
7705,0
13929,0
13459,0
22496,0
13453,1
10048,0
7935,1
19566,1
23927,1
15259,1
1749,0
14690,0
25876,0
28892,0
5702,0
15799,1
9751,0
6188,0
8275,1
644,0
16030,1
100,0
18418,0
582,0
16568,1
27383,0
1938,0
28734,0
19683,0
21420,0
14624,1
10760,1
17511,1
24797,0
29219,0
11855,1
19511,1
10803,0
23304,0
1884,0
23671,0
29650,0
16003,1
14041,0
18253,1
12768,1
20883,0
7703,0
15702,0
16447,0
25215,1
14037,1
3082,0
10250,0
22518,0
11787,0
27545,1
3245,0
16536,1
6379,1
10465,0
6992,1
4740,1
17683,0
21033,1
15299,0
16334,0
5150,0
4561,0
11344,1
21907,0
4896,0
12481,0
15955,1
5870,0
8265,0
26502,0
11069,0
13135,0
28081,0
2542,1
18127,0
4957,0
13012,0
7075,0
29235,1
25507,0
18260,1
14563,1
1878,0
9318,0
23630,0
3634,0
17911,1
15486,0
23811,0
24012,1
29388,0
19419,0
7142,0
25123,1
17944,0
635,0
13130,1
19068,0
25589,0
28406,1
11747,0
9779,1
24130,0
28076,0
21526,1
21040,0
7676,0
22027,0
27051,0
4055,0
26404,0
21369,1
8044,0
11197,0
25776,0
21443,0
15802,0
25086,0
8282,0
25004,0
16222,0
27616,1
3897,0
1358,1
12131,0
12048,0
649,1
11832,0
2778,0
18971,0
28268,0
10828,1
28022,0
856,0
6243,0
12107,0
19944,0
15203,0
5306,0
16096,1
21485,0
8844,1
225,1
4863,1
12247,0
13067,1
7211,0
28790,0
1756,0
15049,0
23807,0
10232,0
18238,0
25648,0
18054,0
26402,0
2703,0
7280,0
19196,0
5777,0
23675,1
2868,0
7884,0
2775,0
28366,1
17323,0
15246,1
16887,0
15474,0
19966,0
11796,0
21986,1
9892,0
27791,1
13967,1
6599,0
21422,0
19397,0
14315,1
27786,0
1826,0
15258,0
4194,1
11911,0
29024,0
23530,1
7592,1
9627,0
11660,0
16322,0
13065,0
7201,0
15878,0
224,0
20770,0
12343,0
22796,0
7992,1
20329,1
24177,0
4615,0
7701,0
23440,0
6795,0
12827,1
22743,0
11041,1
12142,0
6436,1
13819,0
849,1
6967,1
22706,1
23224,0
15102,0
25578,0
15001,0
26813,0
5739,1
16268,0
26768,0
9972,0
19961,1
1983,0
7976,0
14704,0
19925,0
6957,0
7218,0
23920,1
26191,0
16241,0
24546,0
20091,0
29410,0
24113,0
21107,0
22918,0
28352,1
10246,0
8805,0
28614,0
14396,0
3986,0
10859,0
15026,0
2846,0
524,0
4574,0
23444,0
20671,1
23845,1
22699,0
25884,0
18941,0
23737,1
25949,0
13977,0
19048,0
5240,0
23864,1
28266,0
18618,0
11221,0
2114,0
9461,0
4576,0
4334,0
6709,1
16615,0
166,0
720,0
579,0
16050,1
16761,0
1029,0
11465,1
12759,0
3388,0
21967,0
28798,0
25759,0
21341,1
25180,0
19737,0
5697,0
7147,0
21094,0
22257,0
28539,0
18323,0
16871,1
20734,1
29574,1
27564,0
5741,0
8079,0
24343,1
8012,0
26854,1
29440,0
11507,0
12038,0
8655,1
13116,0
24268,1
23473,0
8956,0
20798,1
19370,0
11599,0
4977,0
27360,0
20844,0
19416,0
13209,0
20910,0
13194,1
16551,0
7794,0
24763,0
1823,0
26056,0
28495,0
4961,0
4234,0
4919,0
21644,0
4605,0
23691,0
17154,1
23070,1
27103,0
6943,0
24169,1
13213,1
17700,0
6783,0
16921,0
14938,1
22091,1
16342,0
23567,0
8066,0
13853,0
28559,0
4376,1
29143,0
23690,1
2611,0
22313,0
23520,0
5815,0
3150,0
23545,0
18444,1
5894,0
28330,0
26274,0
25272,0
9672,1
2527,1
14227,1
4156,1
28085,0
19286,0
19881,0
16368,0
3665,1
12951,0
29159,0
13442,0
10848,0
24799,1
3206,0
13349,0
2132,0
4952,1
4356,0
9819,0
19617,1
4861,1
28276,0
21401,1
29125,1
6560,0
25481,0
9862,0
5848,1
21587,0
5040,1
20451,1
19865,0
8608,1
24685,1
19298,1
6650,0
29960,0
21113,1
13763,0
22986,0
12348,0
21165,0
15917,0
17578,0
3423,0
2180,0
29366,0
9986,0
18000,1
9169,0
6172,0
28594,0
4144,1
487,0
28639,0
2351,0
833,0
7661,1
6396,0
25955,0
7659,1
19094,0
13216,0
7595,0
13409,0
16931,0
24457,0
12822,0
23407,1
21214,0
25770,0
25845,1
27924,0
11748,0
27402,0
2393,1
25224,1
4432,0
14055,0
29431,0
2116,0
19704,0
8849,0
6903,0
6397,0
2535,0
3983,0
6019,1
2296,1
18871,0
11863,0
28552,0
572,0
22898,1
22207,0
8010,0
1999,1
18892,0
17084,1
19044,0
1663,1
23670,0
14656,1
12049,1
9492,1
21254,0
9128,0
6093,0
28121,0
4017,0
6952,1
8533,1
2253,0
27369,1
2985,0
10373,0
5642,0
946,0
6486,0
1975,0
24003,0
16459,1
347,0
17047,0
26116,1
10921,0
7046,0
15277,0
23863,0
6742,0
17356,0
24664,0
23065,0
21374,0
23665,1
20331,1
561,0
657,0
3205,0
26006,0
485,1
17835,0
26887,0
569,0
2892,0
1962,0
6613,0
13755,1
23336,0
2299,0
7879,0
21876,0
12856,0
5064,0
24494,1
23109,0
19264,1
25250,0
20207,1
22747,1
15306,0
23790,1
24693,0
18786,0
29479,1
24368,0
19204,1
29813,0
23903,0
21864,0
25613,0
26510,0
4931,0
17513,1
4913,0
17116,0
1205,0
2858,0
8936,0
17163,0
4419,0
12027,1
1981,1
7089,0
8543,1
17264,0
23184,0
15127,1
15286,0
17335,0
26527,0
14436,0
18593,0
27294,0
26757,0
20160,0
6739,1
14613,0
16517,0
22049,0
3998,0
10467,1
28870,0
4154,0
27852,1
22478,1
7428,0
25040,0
15234,0
29577,1
12989,0
9185,0
662,0
2229,0
27994,1
7919,0
26980,0
1587,0
27976,0
27975,0
1774,1
2109,1
2828,0
11429,0
20511,0
23988,1
1120,0
18239,1
25482,0
15584,1
16767,0
12266,0
16633,0
17079,0
11897,0
12445,1
15880,0
13514,0
2403,1
12927,0
2578,0
10727,0
27315,0
13093,1
29688,1
4738,0
9031,0
22866,0
5060,0
14323,0
29389,0
2676,1
10060,0
9343,0
26440,0
14377,1
23858,1
23618,1
23449,0
20083,0
19505,0
28610,0
13275,0
10567,0
7549,1
756,0
4008,1
27848,0
4821,0
29399,0
8253,0
11187,0
12405,0
25309,0
29855,0
20985,0
23637,0
28239,0
2106,1
26109,1
29691,0
22819,1
12908,0
28832,0
28725,0
29033,0
571,0
1732,0
24039,1
26987,0
2486,0
21659,0
29786,1
23895,0
10416,0
26612,1
21411,1
3091,0
3942,0
25709,1
8967,1
23974,0
1921,1
7781,0
9224,0
7904,1
7584,0
25444,0
25736,0
4261,0
14786,0
29484,0
7136,0
698,1
19433,0
23320,0
16658,0
13431,1
10835,0
27734,1
12760,0
10987,0
12512,0
10723,1
22237,0
15709,0
20819,1
14535,0
16873,0
26856,0
10396,1
12687,0
9296,1
5792,0
17029,0
16547,0
19260,0
8988,1
14051,0
6416,0
9679,0
23962,0
11115,0
28305,1
17354,0
27359,0
20338,1
9840,0
24175,0
14186,0
24927,1
27163,0
13962,0
19500,1
15507,0
11595,0
5925,1
10212,0
20316,0
22401,0
17515,0
22133,0
957,0
1675,0
10105,0
5103,0
16081,0
7371,0
5211,0
15245,0
18956,0
15319,0
8868,1
12937,1
27999,0
19489,1
797,0
3933,0
11940,0
25708,0
29266,0
16634,1
7724,0
6157,0
23929,0
3626,1
14793,1
18487,0
23163,0
10692,0
23107,0
4672,0
14817,0
29453,1
13701,0
4258,0
28981,0
8280,0
15789,1
21915,0
1388,1
23366,0
5132,0
24167,0
6402,0
15687,0
14372,1
22580,0
19821,1
20025,0
23910,1
2528,1
5288,0
27067,1
28689,0
26493,0
20775,1
16686,1
479,1
24269,0
11673,0
17545,1
22771,0
8194,0
7035,0
7448,1
9715,1
27938,1
1923,0
21286,1
26879,0
26044,1
24327,0
14224,0
1031,0
108,0
17193,0
7379,0
6815,0
20635,1
10083,0
6107,1
26174,1
11438,0
18152,1
5800,1
27471,1
18689,1
1605,0
27617,0
21108,1
26151,1
18077,0
29856,1
27023,0
3041,1
2065,0
2841,0
9042,1
3790,1
11116,0
18272,1
25938,0
3975,0
23586,0
19823,0
15467,1
29569,1
24751,1
15363,0
23385,1
20002,1
26539,1
7442,0
25703,0
13036,0
7252,0
2833,0
12587,0
5450,0
5373,0
9920,0
20157,0
23651,0
2284,1
20788,0
471,0
26242,0
15948,1
13888,0
1185,0
10166,0
24220,1
20118,0
14298,0
26277,1
11625,0
339,0
14145,1
7279,0
3749,0
2370,0
277,1
23975,0
17226,0
21700,0
21043,0
9358,1
8750,0
20953,0
1788,0
13104,0
5612,0
25111,0
12656,1
20476,0
13413,1
9624,0
15427,0
8919,0
16168,0
29135,0
24295,0
16746,0
11299,0
10174,0
17767,0
7645,0
12876,1
12068,1
18948,1
18718,0
8557,0
1327,0
1240,0
1006,0
18307,0
21050,1
22003,0
4103,1
21821,0
9652,0
10945,1
8649,0
10781,1
24408,0
24031,0
27817,0
11327,0
19193,0
24314,0
9294,0
14856,1
8778,0
11413,0
16129,0
252,0
11994,1
12366,0
4327,0
20099,0
22059,0
6847,1
13734,0
20891,0
23058,0
19833,0
9220,0
23452,1
23465,1
5786,1
28680,0
19783,1
18763,0
28595,0
16836,0
24626,0
27775,0
2174,0
8689,0
10255,0
11969,1
27015,0
3080,1
3947,0
7680,1
5443,0
27290,0
4331,1
3060,0
28199,0
6180,0
25801,1
25283,0
1827,1
12985,0
20747,0
22380,0
3566,0
21494,0
356,0
16711,1
16185,0
2078,1
2297,0
693,1
28476,0
27622,0
8638,0
29682,1
20824,0
29419,1
11243,0
28442,0
21437,0
729,0
1872,0
26506,0
18800,0
9133,0
29337,1
11778,0
13091,0
21546,0
24856,0
8497,1
11732,0
8613,0
28930,0
27653,0
24686,0
17795,1
13540,0
14259,1
7846,0
5789,1
27253,1
24050,0
17838,0
28024,0
21740,1
16840,0
133,0
17066,0
12047,0
26349,0
986,0
16166,0
12546,0
1958,0
9475,0
6267,0
7815,0
8257,0
29034,1
10285,0
18865,1
4759,0
144,0
26521,1
8826,0
13870,0
20903,1
12860,0
25749,0
15926,0
29064,0
10117,1
25925,0
18171,0
12802,0
6308,0
22241,0
7931,1
3684,0
20225,1
17604,0
3732,0
4065,1
16487,0
8589,0
7126,0
2025,0
16902,0
27014,1
13120,0
1601,0
16943,1
11234,1
14267,0
22075,0
21067,0
4415,0
14370,0
2237,0
17625,1
4114,0
18022,1
2867,0
10662,0
14295,1
13333,0
1028,0
8572,0
10451,0
13424,0
22997,0
28357,0
8323,0
17257,1
17828,0
28609,1
13662,0
8520,0
6959,0
25841,0
27019,0
5713,0
17610,0
14576,1
4165,0
3405,0
28048,1
9787,0
11381,0
12809,1
19582,0
3171,1
26762,0
23661,0
23357,1
29318,0
19318,1
24654,0
28436,0
25466,0
6806,0
27170,0
29532,1
28570,0
18219,0
15335,0
4603,0
25302,0
17799,1
20105,0
8558,0
16401,1
8704,0
10379,0
11430,0
18150,1
16604,0
26913,0
23360,1
9144,0
26515,1
28294,0
29221,0
5184,0
12736,0
26317,0
6837,0
4865,1
12427,0
6205,0
23831,0
19828,0
29593,0
13826,0
4616,1
19693,1
28846,0
11878,0
147,0
15405,0
7143,0
6310,0
18995,0
24071,0
22356,1
2733,0
21758,0
24078,0
24573,0
13247,0
15185,1
19675,0
21941,0
28712,1
5463,0
21711,0
17865,0
3469,1
28841,0
18538,0
23826,1
4431,0
325,0
25301,0
29132,0
6782,0
12059,0
6347,1
20426,1
29611,0
15005,0
12164,1
18469,0
29476,0
3957,0
26774,1
1487,0
14739,0
20624,0
20010,0
28480,0
8499,0
9326,1
17137,0
15675,0
8997,0
24879,1
16918,0
24933,0
5730,0
17361,1
13602,0
6854,0
21456,1
18047,0
27080,0
21235,0
12849,0
23828,1
22516,0
24372,0
28180,0
22960,0
22098,0
26217,1
12535,0
26766,0
12525,1
1859,0
25544,1
20337,0
20717,0
27342,0
7361,1
746,0
2264,0
11057,0
28329,0
18369,0
13613,0
19949,0
6441,0
3845,0
25620,1
23499,0
16119,0
12562,0
27247,1
12209,0
12335,0
3545,0
18167,0
17640,0
12365,1
1767,1
25595,0
26483,0
10839,0
22271,0
24122,0
24964,0
26532,0
14697,0
17465,0
15394,0
29502,0
15731,0
26763,0
23770,0
18547,0
16318,0
22805,0
7814,0
24907,1
6054,0
5761,0
16449,0
12564,0
21815,1
14316,0
15571,1
25475,0
7635,0
9848,0
1854,0
22033,0
9953,1
13452,0
2279,1
9742,0
22371,0
16849,0
2430,1
17959,0
10463,0
9310,0
11655,0
13277,0
20332,0
13527,1
16913,0
5655,0
23448,0
18428,0
27352,0
924,1
18545,0
6273,0
17133,1
6736,0
21146,0
11226,1
23730,0
2060,0
23268,0
14668,0
13911,0
2763,0
17336,0
26075,0
26948,1
8426,1
11514,0
26999,0
2628,0
12718,0
4477,0
4389,0
23852,1
14250,0
21894,0
25490,0
7238,0
14313,1
26973,0
21902,0
11200,0
1427,0
25952,0
26253,0
5873,0
20919,1
2746,0
12151,0
13190,0
9145,1
21839,0
27974,0
26142,0
28623,0
22456,0
400,1
25227,1
3951,1
27447,0
6998,0
19015,0
19880,0
16250,1
27996,0
11620,0
19621,0
12905,1
1911,0
26396,0
23060,1
8034,0
26919,0
25984,0
18258,1
8134,0
19698,1
18530,0
28001,1
10530,0
4232,1
22740,0
13733,0
2758,0
12441,0
20249,1
17765,0
19384,1
27008,0
29427,0
3380,0
2856,0
18424,0
11971,1
16019,0
17149,1
28006,0
7625,0
11615,0
27273,0
489,1
26055,0
29603,1
11332,0
15401,1
26160,0
28011,0
4599,1
12153,0
4328,0
25699,0
12051,0
8104,0
15822,0
20040,0
3865,0
14292,0
19288,0
16560,1
9440,0
23191,0
9899,0
26642,0
5976,0
24944,0
19897,0
3162,0
24209,0
10082,0
20155,0
15885,0
14163,0
28627,0
20474,0
10176,0
25130,0
23468,0
28289,0
14345,0
8773,1
13607,0
22306,0
20124,0
6214,0
26453,0
14912,0
29749,0
19299,0
15485,1
26782,1
24752,0
28720,1
21681,0
5388,0
20307,1
26958,0
23805,0
16727,1
26858,0
7560,1
7761,1
21729,0
20113,0
14180,0
22801,0
10217,1
15999,1
22322,0
12805,0
18918,1
19251,0
19169,0
17297,0
28916,1
9587,0
9709,0
25056,0
25563,1
26197,0
27356,0
541,0
7681,0
10376,0
10805,0
760,0
23138,0
19388,0
17903,1
2362,0
19618,0
9558,0
19292,0
7135,1
12016,1
22017,0
28589,0
11894,0
13345,0
21178,0
2978,0
4836,0
11028,1
460,0
14727,0
29416,0
26509,0
25471,0
16255,0
15291,0
10258,0
25524,0
12235,1
24808,0
22191,0
10830,0
2170,1
23746,1
20008,0
10893,1
28028,1
8977,0
28828,0
5736,0
16652,1
11612,0
21495,0
118,1
28364,1
25251,1
13503,0
20038,0
6729,0
25330,1
13009,0
10956,0
23411,1
19607,0
7574,0
17860,0
4570,1
2429,0
24330,1
10140,0
18981,0
3514,0
18009,1
26833,0
24020,0
6872,0
2773,1
24903,0
25419,0
8398,0
13416,0
378,0
21471,1
20921,1
26970,0
9217,0
25944,0
7168,0
10316,0
21431,0
5888,0
14676,0
9620,0
5157,0
28969,0
9903,1
13102,0
3433,1
15058,0
29105,0
5087,0
16179,0
21192,0
27718,0
25317,1
4048,1
17207,0
16496,1
13532,1
10450,1
6918,1
11875,1
23760,1
7797,0
16233,0
18237,0
12478,0
3339,1
6540,1
15608,0
4624,0
10455,0
24728,1
3739,1
19886,0
16412,0
8639,0
3672,0
15057,1
21647,1
2205,0
401,0
19544,0
29420,0
3419,1
27122,0
28630,0
29153,1
5901,0
27604,0
12391,1
22372,0
27405,0
27825,0
8369,1
25246,0
5168,0
6442,0
29872,0
9112,0
18967,0
8225,1
2886,0
4675,1
6912,0
6666,0
23994,0
10414,0
14217,0
17144,0
20923,0
14573,0
21562,1
21852,0
8723,0
10395,0
18657,1
6889,1
11323,0
27183,0
12627,0
12740,0
20065,0
5907,0
1625,0
27127,0
22402,1
1349,0
27250,0
27669,1
3001,0
19660,1
1273,0
24982,1
6964,1
6304,0
18738,0
1269,1
26342,0
19421,0
9273,1
16786,1
29091,1
10118,0
584,0
11269,0
24312,0
12964,1
20141,1
2744,0
27535,0
24660,0
29423,0
15932,0
19509,0
2286,0
27463,0
27166,1
5169,0
27737,1
13961,1
29236,0
14360,0
11650,0
21951,1
10541,0
11513,0
23412,0
24984,1
9898,0
23479,0
21344,1
6001,0
20723,1
2483,1
27293,0
21357,0
7021,0
3724,1
20580,0
5081,1
18568,0
14568,0
27954,0
15254,0
2913,0
5867,0
11999,0
13156,0
4532,0
16292,0
11493,0
7086,1
20078,0
29831,0
23330,0
2716,1
653,0
12728,0
16214,0
13018,0
6902,0
27113,0
4583,1
15407,1
4917,1
12766,0
28795,0
10252,0
20876,0
25334,0
20623,0
19522,0
18373,0
23124,0
28851,0
8630,0
24967,1
16170,0
5011,0
1181,0
18867,0
1425,0
12960,0
23025,0
28977,0
28185,0
13526,0
5339,1
26647,0
26284,0
20030,0
29536,1
13147,0
14674,0
4375,1
16977,0
26868,0
12380,0
20499,0
17185,0
4117,0
3477,0
2352,0
2418,1
21832,1
9052,0
21862,0
27495,1
9661,1
22015,0
6264,0
2217,0
15960,1
27829,0
23720,0
13677,1
24625,0
22551,1
8733,0
9081,1
23204,0
6982,1
22999,0
28919,1
15413,0
936,0
1597,1
28408,1
12567,0
27123,1
21381,1
11138,1
194,0
27323,0
2795,1
26812,0
12977,1
20693,0
18446,0
7293,1
2378,0
21937,1
802,1
27095,0
11782,0
26370,0
24305,0
19099,1
13916,1
24955,0
10468,1
21499,0
24656,0
24278,0
2776,0
15419,0
19781,0
25483,0
20731,0
2036,0
14023,1
11859,0
25663,0
29810,1
17746,0
16600,0
18537,1
28901,0
27998,0
27489,0
11927,1
13053,0
2704,1
17837,1
23888,0
25431,0
15743,0
18766,0
16817,0
4427,0
29583,1
29333,0
26730,0
21054,0
16651,0
4374,0
25686,0
22952,0
16285,1
16396,0
303,0
12446,0
1858,0
14057,0
15378,0
26049,0
26783,0
5318,0
19064,0
11745,0
28705,0
4942,0
21228,0
7624,1
18343,1
12549,0
16046,0
16927,0
387,0
7226,0
22285,0
28309,0
5763,1
14118,1
5714,1
2137,0
10563,0
12278,0
13767,0
6813,0
23055,0
7767,0
5799,0
28541,0
28909,0
6500,0
473,0
14665,0
20605,0
17023,0
15283,0
13113,0
12774,0
29822,0
105,1
5744,1
3627,0
11291,0
10071,0
13709,0
2848,0
23866,1
5650,0
6326,0
21215,0
25462,0
9942,1
4488,0
13016,0
20104,0
10509,0
25360,0
29883,0
13364,0
6154,0
13515,0
6819,0
13578,0
1256,1
3871,1
15266,0
26611,0
7585,1
11685,0
16319,0
21827,0
14930,0
21095,0
1442,0
27832,0
10352,0
17492,0
1368,0
3949,0
6532,1
6826,0
5225,1
11676,0
21264,0
1821,0
8878,1
11877,1
2708,0
29510,0
25315,0
26992,0
28701,0
227,0
13294,0
5528,0
757,0
1604,0
19514,0
24274,0
29901,0
4174,0
22131,0
8308,0
28944,0
18544,0
8155,0
4784,1
23307,1
25075,1
23087,0
5750,0
25641,0
21865,0
6429,1
11888,0
27982,0
10747,0
28432,0
3915,0
15086,0
24715,1
1993,1
6210,0
7214,1
24244,0
18064,0
8344,0
4437,1
26897,1
26889,0
29071,0
8800,0
18609,0
390,0
27590,1
18831,0
17088,1
10978,1
4702,0
29719,0
9322,0
5898,0
5952,0
26372,0
14708,1
24699,0
17590,0
7807,0
25372,0
6913,1
14012,0
17940,0
22785,0
1221,0
2691,0
25739,0
25231,0
20233,0
24524,0
5566,0
29844,1
354,0
6291,0
21222,1
11130,0
25171,1
22800,0
2574,0
10282,1
15063,1
24528,1
29237,0
6601,1
20221,1
28771,1
13309,0
10536,0
25797,0
24893,0
1319,1
13854,0
25974,0
25899,0
15516,0
2545,0
882,1
5567,0
17401,0
11145,0
26825,0
23227,0
6585,0
14450,0
6895,1
4168,0
22623,0
26661,0
15683,0
16312,0
29241,0
22624,0
10158,0
12556,0
29417,1
4879,0
29791,0
29171,1
4062,0
23291,0
24980,0
18996,1
15032,0
1898,0
27317,0
7655,0
25640,0
16379,0
13585,1
6558,1
3575,0
24002,0
17344,0
221,1
29020,0
26802,1
11012,0
22381,0
7559,0
12823,1
25079,0
17000,0
7757,0
16343,0
15440,1
9727,0
3294,0
15774,0
1706,1
12865,0
14754,0
18796,0
11066,0
26934,0
18752,0
17238,0
5309,0
15190,1
23494,0
4858,1
9845,0
3464,0
22674,0
1476,0
19028,0
29735,0
27936,0
19810,1
23186,0
5833,0
29169,0
16189,1
6450,0
2088,0
18747,1
8367,0
27895,0
22994,1
17481,0
27637,1
2888,0
7395,1
20802,0
13327,0
29783,0
7446,0
22940,0
5908,1
1177,0
28876,0
23624,1
25632,1
29274,1
4678,0
28818,0
23773,0
18917,0
17457,0
2442,1
9233,0
10175,0
4724,0
4700,0
25140,1
4180,0
28210,0
7275,0
1902,1
22309,0
4073,0
13887,0
6541,1
21770,0
29047,0
19543,0
24329,0
25181,1
22212,0
6751,1
6950,0
10142,0
6364,0
7932,0
11191,0
23649,0
17294,0
3981,0
6252,1
4385,0
8992,1
12527,1
26921,0
22678,0
219,0
12842,0
26957,0
88,0
20284,0
19255,0
15110,1
4057,0
13999,0
27100,0
754,0
26099,1
15346,0
10722,0
3824,0
19665,0
13583,0
8174,0
3270,0
9005,1
24112,0
21981,1
26616,1
22265,0
25680,0
12250,0
9645,0
5017,0
10648,0
3779,0
26632,1
15211,0
5054,0
14507,1
9012,1
17893,1
17428,0
28236,1
22333,0
2466,1
17983,0
23141,1
29736,1
28151,1
24511,0
26929,1
26205,0
22679,0
16588,0
5439,0
28958,0
19139,0
28020,1
2112,1
19615,0
2424,0
2435,1
1721,0
25112,0
24542,0
29639,0
14567,1
4491,0
7929,0
10977,0
17244,0
9866,0
7254,1
4649,1
19212,0
14909,1
18674,0
20670,0
29592,0
7353,0
21037,0
12623,1
8198,0
3579,1
1262,0
14698,1
14197,0
27412,0
24559,1
37,0
11289,0
9712,0
18334,0
28937,0
26265,0
26524,0
25493,0
14995,0
20739,1
18731,0
1920,0
10975,1
9258,0
28526,0
29321,0
10926,1
8632,1
24943,0
25174,0
9063,1
5885,1
14547,1
13084,1
26196,0
20803,1
8715,0
22009,0
28650,0
14054,0
5239,0
25041,0
12492,1
13873,1
1877,0
21469,0
25495,0
6313,1
9014,0
4546,0
10741,1
16116,1
23904,0
13039,0
22982,0
14589,1
18465,0
1328,0
11418,1
3968,1
17241,1
5887,1
21577,0
12738,0
16872,1
28461,1
17439,0
18963,0
26793,1
14469,0
4240,0
3896,1
9987,0
7188,1
13779,1
16947,1
20354,0
15096,0
19035,0
22941,0
20408,0
5618,0
24628,1
22178,0
5900,1
5155,0
8352,0
12644,0
15529,0
1457,0
6216,1
6638,0
20487,0
4870,0
14156,0
3542,0
2663,0
26022,0
13858,1
9634,0
1133,1
23379,0
4742,0
10149,0
21733,0
18541,0
6283,1
6148,0
873,1
10836,1
28486,0
24972,0
3740,0
4792,1
5430,0
6269,1
16463,0
13653,0
16758,0
9303,0
16661,0
16929,0
26806,0
26321,0
16314,1
4531,0
15406,0
428,0
26907,0
24360,1
16484,0
8693,0
9013,1
22878,0
14713,0
10656,1
20400,0
23072,0
22045,0
13485,1
4981,0
11850,1
10695,0
8663,0
23105,0
5069,1
22226,0
10185,1
5831,0
3677,0
1925,0
16365,0
11709,1
24565,0
241,1
21426,0
13199,0
17922,1
26409,0
10329,0
4409,1
8278,0
6382,1
29582,0
5003,0
3555,1
21070,0
2595,0
11586,1
11390,0
2113,0
14764,1
3546,0
15410,0
20107,0
9392,1
10920,0
19839,0
12338,0
21889,0
28960,0
23033,0
5726,1
9166,0
11165,0
4400,0
1961,1
17781,1
19234,1
22192,0
17776,1
23255,0
25497,0
21529,0
18652,0
14530,0
6966,0
7016,0
4208,0
17900,0
1562,1
24043,0
17820,0
13154,1
12629,1
12145,1
23115,0
1648,0
7890,1
3750,0
20238,0
7960,1
16441,1
16738,0
19057,1
21271,0
16413,0
12008,0
19055,0
7178,1
17393,1
3969,0
11917,0
15315,0
2918,1
15877,0
24548,0
5387,0
27221,0
2254,0
23679,0
29905,0
15959,0
7265,0
7013,0
12108,0
22021,1
13229,0
7024,0
4846,0
27662,0
16580,0
23467,0
26542,0
4927,0
25922,0
20608,0
908,0
22083,0
17099,0
2094,1
27327,0
4259,0
1468,1
5308,0
15014,1
15784,0
13295,0
19993,0
1419,0
10094,1
16770,0
28780,1
4393,0
21708,1
20727,1
22867,1
8376,1
11651,1
10938,0
11194,0
10211,0
2784,1
26163,0
15972,0
28731,0
8612,1
5078,0
7554,0
29383,1
7750,0
10065,0
29835,0
19495,0
1488,0
10236,0
23509,1
29517,1
28156,0
1279,0
25946,0
1377,0
15408,0
25023,0
7518,0
9182,0
17306,0
6318,0
14639,1
4837,0
1698,1
18031,0
6870,0
15563,0
29821,1
3163,1
9597,1
9137,0
7702,0
13448,0
25562,0
22916,0
6906,1
26034,0
20402,0
16486,0
28736,0
29049,0
12799,1
27330,0
12115,0
10732,0
23734,0
1903,0
19301,0
6573,0
3580,1
10207,0
3273,0
17552,1
26960,0
22104,0
2946,0
15958,1
3956,0
22593,1
29089,0
25954,0
28808,0
18662,0
24998,0
4145,1
5698,1
16895,0
16954,1
6509,0
15128,0
15181,1
23717,1
6100,0
21005,1
11671,0
29527,0
9016,0
28520,0
25357,0
